message_id,date,sender_id,first_name,last_name,username,message,reply_to
35329,2025-04-24 19:06:00,-1001199808401,,,,"โุงุจุฑุงุฒ ุฑุถุงุช ุชุฑุงููพ ุงุฒ ูุฐุงฺฉุฑุงุช ุจุง ุงุฑุงู / ุฏููุงูุฏ ุชุฑุงููพ ุฏุฑ ฺฉุงุฎ ุณูุฏ:

ยซุจุงูุฑ ุฏุงุฑู ฺฉู ุฏุฑ ุฎุตูุต ุงุฑุงูุ ุนููฺฉุฑุฏ ูุง ุชุง ุงูุฌุง ุจุณุงุฑ ููููุชโุขูุฒ ุจูุฏู ู ูุฐุงฺฉุฑุงุช ุฌุฏ ู ุณุงุฒูุฏู ุฏุฑ ุฌุฑุงู ุงุณุช. ุฏุฑ ุญุงู ุญุงุถุฑุ ุชููุง ุฏู ูุณุฑ ูพุด ุฑู ุฏุงุฑู ฺฉู ฺฉ ุงุฒ ุขูโูุง ุจูโูฺโูุฌู ูุทููุจ ูุณุช ... ุจู ูุธุฑ ูโุฑุณุฏ ฺฉู ุฏุฑ ูุณุฑ ุฑุณุฏู ุจู ุชูุงูู ุจุง ุงุฑุงูุ ูพุดุฑูุช ูุงุจู ุชูุฌู ุฏุงุดุชูโุงู. ุฏุฑ ุงู ุฒููู ุงูุฏุงูุงุช ูุชุนุฏุฏ ุฏุฑ ุญุงู ุงูุฌุงู ุงุณุช ู ูโุชูุงู ฺฏูุช ุฑููุฏ ุงููุฑ ุจูโุฎูุจ ูพุด ูโุฑูุฏ. ุงู ุงุญุชูุงู ูุฌูุฏ ุฏุงุฑุฏ ฺฉู ุจู ุชุตูู ุจุณุงุฑ ูุซุจุช ุจุฑุณู ฺฉู ุฏุฑ ูุชุฌู ุขูุ ุฌุงู ุงูุณุงูโูุง ุจุณุงุฑ ุญูุธ ุดูุฏ.ยป",
35328,2025-04-24 18:08:53,-1001199808401,,,,"#ุขูพ 

โุญุฑฺฉุช 100 ุฏุฑุตุฏ ุณูู ููุทูู  1230 ูุชูุงูุฏ ููุทูู  ูพุฑุนุฑุถู  ุจุงุดุฏ.",33931
35326,2025-04-24 08:53:20,-1001199808401,,,,"#ุฎุจููู 

โ ููุทูู  ููุงููุช ุดฺฉุณุชู ุดุฏ ูุณุชุนุฏ ุจุฑุง ุญุฑฺฉุช ุฎูุจ ..",35262
35325,2025-04-23 19:59:48,-1001199808401,,,,"ยซุจู ุญุงูู ูฺโฺฉุณ
ุบุจุทู ููโุฎูุฑู
ููุช ุจุงุฏ ุฑุง
ุฏุฑ ุณูพุฏุงุฑ
ุจู ุชูุงุดุง ุงุณุชุงุฏูโุงู...ยป

#ุนุจุงุณ_ฺฉุงุฑุณุชู
#ุดุจ_ุฎูุด๐ฆ",
35324,2025-04-23 14:06:36,-1001199808401,,,,#ูุงุฐุฑ ุฏุฑ ุงููู ูุงู ุณุงู ูุงู ุจู ูุฑูุด ฑฐฐท ููุงุฑุฏ ุฑุงู ุฑุณุฏู ุงุณุช,35305
35323,2025-04-23 12:19:20,-1001199808401,,,,"#ููุฌ 

โุงุฒ ุฌุงฺฉู ุณฺฏูุงู ฺฉุฑุฏู 200 ุฏุฑุตุฏ ุญุฑฺฉุช ฺฉุฑุฏู ู ููฺูุงู ุงุฏุงูู ุฏุงุฑุฏ ..",35045
35322,2025-04-23 12:16:41,-1001199808401,,,,,33907
35321,2025-04-23 12:16:41,-1001199808401,,,,"#ุงูุฑู 

โุงุฒ ุณฺฏูุงู ุงููู ุฏุฑ ฺฉุงูุงู ูุนูุง ูฺฉุณ 100 ุฏุฑุตุฏ ุญุฑฺฉุช ฺฉุฑุฏู ุงุณุช .. ุชุงุฑฺฏุช ูุง ุฑุง ุฏุฑ ุชุญูู ูุจู ุงุนูุงู ฺฉุฑุฏู ...",33907
35320,2025-04-23 12:13:11,-1001199808401,,,,"โ#ุงูุฑู 

ุฏูุณุชุงู ุชุญูู ุงูุฑู ุฑุง ุฎูุงุณุชู ุจูุฏูุฏ .. ุทุจู ุงู ุชุญูู ุฏุฑ ุญุงู ุญุฑฺฉุช ูุณุช ..",35319
35319,2025-04-23 12:12:31,-1001199808401,,,,"#ุงูุฑู 

โุชุญูู ุณูู ููฺูุงู ูพุงุจุฑุฌุงุณุช .. ุจุฑุง ุณุงู ุฌุฏุฏ ุงุฒ ุจูุชุฑู ูุง ุจุงุฒุงุฑ ุฎูุงูุฏ ุจูุฏ ู ุณูุฏ ุญุฏุงูู 100 ุงู 150 ุฏุฑุตุฏ  ุฎูุงูุฏ ุฏุงุฏ ... 

ุจูููุนุด ุงุนูุงู ูฺฉูู ุงุถุงูู ฺฉูุฏ ูฺฏู ฺู ููุฏุงุฑ ุงุฒ ููุฏูฺฏ ุฑุง ุจู ุงู ุณูู ุงุฎุชุตุงุต ุจุฏุฏ.",
35318,2025-04-23 11:55:45,-1001199808401,,,,"#ูุจุงููุฑ 
(ุฏุฑุฎูุงุณุช)

โ ุชุง ุฒูุงูฺฉู 980 ุจุง ูุฏุฑุช ุดฺฉุณุชู ูุดูุฏ ุณูุช ุณูู ูุฑูุฏ ุฒุฑุง ุฑุดุฏ ุฎูุจ ฺฉุฑุฏู ู ูุงุฒ ุจู ุงุตูุงุญ ุฏุงุฑุฏ ..",
35317,2025-04-23 09:12:30,-1001199808401,,,,"#ูุฑุงุฒ 

โุณูู ุญูุงุช ููู ุฏุฑ 103  ุงุฒ ุฏุณุช ุฏุงุฏู ุงุณุช ู ูุฑ ฺ ุจู ฺุงุฑุช ูฺฏุงู ูฺฉูู ุญูุงุช ูุนุชุจุฑ ุชุง 50 ููุจูู ..",
35316,2025-04-23 08:49:19,-1001199808401,,,,"#ุณุจุฒูุง
(ุฏุฑุฎูุงุณุช)

โุจูุธุฑ ุฏุฑ ุญุงู ุชฺฉูู ุขุฎุฑู ุฑุฒ ููุฌูุง ุงุตูุงุญ ูุณุช ุจุฑุง ุงูุฌุงู ุญุฑฺฉุช ุฌุฏุฏ ..",
35315,2025-04-23 08:37:03,-1001199808401,,,,โุตูุฏูู ูุง ุทูุง ููู ุจุงุฒฺฏุดุง ุดุฏูุฏ ุงูุง ุงูฺฏููู ูุฎูุงููุฏ ูุงูุฏ .. ๐,
35314,2025-04-23 08:27:57,-1001199808401,,,,"#ูุทุฑู 
(ุฏุฑุฎูุงุณุช)

โุญูุงุช ููู ุฏุฑ 470 ุงุฒ ุฏุณุช ุฑูุชู ุงุณุช ู ุชูุงูุง ุงุตูุงุญ ุชุง 280 ุฑุง ุฏุงุฑุฏ .. ูุนูุง ุณูุชุด ูุฑูุฏ ..",
35313,2025-04-23 08:26:10,-1001199808401,,,,"#ุณูฺฏุง
(ุฏุฑุฎูุงุณุช)

โููฺูุงู ุฏุฑฺฏุฑ ุนุจูุฑ ุงุฒ ููุงููุช 350 ูุณุช ู ุญูุงุช ุฎูุจ ฺฉู ูุซูุซ ุฏุฑ 230 ูุณุช .. ูุฑ ุฒูุงู ุชูุงู ุนุจูุฑ ุงุฒ 350 ุฑุง ูพุฏุง ฺฉูุฏ ุชุง 580 ูุชูุงูุฏ ุญุฑฺฉุช ฺฉูุฏ ..",34540
35312,2025-04-23 08:20:37,-1001199808401,,,,"#ูุดูุงู 
(ุฏุฑุฎูุงุณุช)

โุจูุธุฑ ฺฉุจุงุฑ ุฏฺฏุฑ ุจุงุฏ ุฒุฑ 2000 ุจุงุฏ ู ุฏุฑ ุขูุฌุง ุชุญูู ูุฌุฏุฏ ูุฒูู ..",
35311,2025-04-23 08:15:27,-1001199808401,,,,โ#ูุงุฐุฑ ูุชูุงูุฏ ูุฑูุฏ ฺฉูุฏ .. ุตุจุญ ุงุฒุด ุชุญูู ฺฏุฐุงุดุชู ..,35305
35310,2025-04-23 08:11:10,-1001199808401,,,,"#ฺฉุฑุงุฒ 
(ุฏุฑุฎูุงุณุช)

โุจุงุฏ ุจุชูุงูุฏ ุงุฒ ููุทูู  ููุงููุช 100 ุนุจูุฑ ฺฉูุฏ ูฺฏุฑูู ุชุง 70 ุงุตูุงุญ ุฎูุงูุฏ ุฏุงุดุช ..",
35309,2025-04-23 07:43:49,-1001199808401,,,,"#ุฎูุณุงุฒ
(ุฏุฑุฎูุงุณุช)

โ ุงูุงู ุฏุฑ ููุทูู  ุญูุงุช ูุณุช ุงูุง ุญูุงุช ุจูุชุฑ ููุทูู  130 ูุจุงุดุฏ .. ุฏุงุฑูุฏฺฏุงู ุงู ุณูู ูุง ูฺ ูุฐุช ุงุฒ ุญุฑฺฉุช ุตุนูุฏ ุจุงุฒุงุฑ ูุจุฑุฏูุฏ..",
35308,2025-04-23 07:40:25,-1001199808401,,,,"#ุฒูุงูุงู 
(ุฏุฑุฎูุงุณุช)

โุงุตูุงุญ ูุฑุงูฺฏุฑ ุงุฒ ุณูู ุฏุงุดุช .. ุจูุธุฑ ุฒุฑ 1000 ููุงุณุจ ุจุฑุง ุฎุฑุฏ ุจุงุดุฏ .. ุงูุจุชู ุงูุงู ุฏุฑ ููุทูู  ุญูุงุช ูุณุช ..",
35307,2025-04-23 07:26:55,-1001199808401,,,,"#XAU
#USD
#ุทูุง

โ ุทูุง ุฌูุงู ูุงฺฉูุด ุฒุจุง ุจู ููุทูู  ููุงููุช ุชุนู ุดุฏู ูุดุงู ุฏุงุฏ .. ุจุง ฺฉู ฺฉุณุจ ุงูุฑฺ ุงุฒ ุณุฏ ุงู ููุงููุช ูู ุนุจูุฑ ุฎูุงูุฏ ฺฉุฑุฏ ..",35279
35306,2025-04-23 07:12:17,-1001199808401,,,,"#ูุงุฑุงฺฉ 

โุจุง ุนุจูุฑ ุงุฒ 150 ุฑุงู 270 ุฎูุงูุฏ ุดุฏ ..",34952
35305,2025-04-23 07:10:30,-1001199808401,,,,"#ูุงุฐุฑ 

โ149 ุชุงุฑฺฏุช ุงูู ู 200 ุชุงุฑฺฏุช ุจุนุฏ ..",34950
35304,2025-04-23 07:03:47,-1001199808401,,,,โุงุฒ ูุญุงุธ ูููุฏุงุฑ ุจุนุถ ุงุฒ ุณูู ูุง ุจู ููุงููุช ูุง ุฎูุฏ ุฑุณุฏู ู ุนุฑุถู ุฏุฑ ุขููุง ุจุงูุง ฺฏุฑูุชู ฺฉู ุทุจุน ูุณุช ุงูุง ุฑููุฏ ฺฉู ุจุงุฒุงุฑ ุตุนูุฏ ูุณุช ูุฑ ฺูุฏ ุงุตูุงุญุงุช ููุทุน ูู ุฏุงุดุชู ุจุงุดู ..,
35303,2025-04-23 05:12:58,-1001199808401,,,,"ฺฉุงูุด ูฺฏุฑุงู ุฏุฑุจุงุฑู ูุฏุฑุงู ุฑุฒุฑู ู ฺูุ ุจุช ฺฉูู ุฑุง ุจู  นณ,ตฐฐ ุฏูุงุฑ ุฑุณุงูุฏ!

โโจ ููุช ุจุช ฺฉูู ุจุง ุฑุดุฏ ุจุด ุงุฒ ถ ุฏุฑุตุฏ ุฏุฑ ฒด ุณุงุนุช ฺฏุฐุดุชูุ ุจู ุฑฺฉูุฑุฏ ูุงูุงูู ุฌุฏุฏ นณุตฐฐ ุฏูุงุฑ ุฑุณุฏ.

ุงู ุงูุฒุงุด ููุช ูพุณ ุงุฒ ฺฉุงูุด ูฺฏุฑุงูโูุง ุฏุฑุจุงุฑู ุฌูฺฏ ุชุฌุงุฑ ู ุณฺฏูุงูโูุง ูพูู ุขูุฑฺฉุง ู ุงุธูุงุฑุงุช ูุตุงูุญูโุฌูุงูู ููุงูุงุช ุขูุฑฺฉุง ุฏุฑุจุงุฑู ูุฐุงฺฉุฑู ุจุง ฺู ุฑุฎ ุฏุงุฏ.",
35302,2025-04-23 04:41:27,-1001199808401,,,,"ฺฉุงุฎ ุณูุฏ: ุชุฑุงููพ ุฎูุงุณุชุงุฑ ุชูุงูู ุจุง ุงุฑุงู ุงุณุช

ุณุฎูฺฏู ฺฉุงุฎ ุณูุฏ:
ูฺ ุงุฎุชูุงู ุจู ุขูุฑฺฉุง ุงุณุฑุงุฆู ูุฌูุฏ ูุฏุงุฑุฏ. 
ุชุฑุงููพ ุงุฒ ุงุณุฑุงุฆู ุญูุงุช ูโฺฉูุฏ ู ุชุฃฺฉุฏ ฺฉุฑุฏู ฺฉู ุงุฑุงู ูุจุงุฏ ุจู ุณูุงุญ ูุณุชูโุง ุฏุณุช ูพุฏุง ฺฉูุฏ.
ุฎูุงุณุชุงุฑ ุชูุงูู ุจุง ุงุฑุงู ูุณุชู ู ุงุฑุงู ุญู ุงูุชุฎุงุจ ุฏุงุฑุฏ.ย
ุชุฑุงููพ ุฏุฑ ุชูุงุณ ุจุง ูุชุงูุงูู ููู ุฎูุงุณุชู ุฑุง ุจุงู ู ุชุฃฺฉุฏ ฺฉุฑุฏ ฺฉู ุงุฑุงู ุจู ุณูุงุญ ูุณุชูโุง ุฏุณุช ูพุฏุง ูุฎูุงูุฏ ฺฉุฑุฏ.",
35301,2025-04-22 19:14:33,-1001199808401,,,,"ุตูุฏูู ุจูโุงูููู ูพูู: ุฑุดุฏ ุงูุชุตุงุฏ ุงุฑุงู ุงูุณุงู ุชูุฑุจุงู ุตูุฑ ูโุดูุฏ

๐บ๏ธุชุงุฒูโุชุฑู ฺฏุฒุงุฑุด ยซฺุดูโุงูุฏุงุฒ ุงูุชุตุงุฏ ุฌูุงูยป ูุดุงู ูโุฏูุฏ ุตูุฏูู ุจูโุงูููู ูพูู ุงูุชุธุงุฑ ุฏุงุฑุฏ ูุฑุฎ ุฑุดุฏ ุงูุชุตุงุฏ ุงุฑุงู ุฏุฑ ุณุงูโูุง ฑดฐด ู ฑดฐต ุจุณุงุฑ ูพุงูโุชุฑ ู ูุฑุฎ ุชูุฑู ุจุณุงุฑ ุจุงูุงุชุฑ ุงุฒ ูพุดโุจูโูุง ูุจู ุจุงุดุฏ.

๐บ๏ธุฏุฑ ุงู ฺฏุฒุงุฑุด ูพุดโุจู ุดุฏู ุงูุชุตุงุฏ ุงุฑุงู ุงูุณุงู ุชููุง ุณูโุฏูู ุฏุฑุตุฏ ุฑุดุฏ ฺฉูุฏ ู ูุฑุฎ ุฑุดุฏ ุณุงู ุขูุฏู ุฎูุฑุดุฏ ูู ฺฉ ู ฺฉโุฏูู ุฏุฑุตุฏ ุจุงุดุฏ. ุงู ุฏุฑ ุญุงู ุงุณุช ฺฉู ุฏุฑ ฺฏุฒุงุฑุด ุณู ูุงู ูพุด ุงู ููุงุฏุ ูุฑุฎ ุฑุดุฏ ุงูุณุงู ู ุณุงู ุขูุฏู ุฑุง ุจู ุชุฑุชุจ ณ/ฑ ู ฒ/ธ ุจุฑุขูุฑุฏ ุดุฏู ุจูุฏ.

๐บ๏ธุตูุฏูู ุจูโุงูููู ูพูู ุฏุฑ ฺฏุฒุงุฑุด ูุจูโุงุด (ฺุงููู ฒฐฒต) ุงูุชุธุงุฑ ุฏุงุดุช ูุฑุฎ ุชูุฑู ุงุฑุงู ุงูุณุงู ุจู ฺฉูุชุฑ ุงุฒ ณฐ ุฏุฑุตุฏ ุจุฑุณุฏ. ูู ุทุจู ฺฏุฒุงุฑุด ุฌุฏุฏ (ุขูุฑู ฒฐฒต) ูุฑุฎ ุชูุฑู ุงุฑุงู ุฏุฑ ุณุงูโูุง ฑดฐด ู ฑดฐต ุจู ุชุฑุชุจ ดณ/ณ ู ดฒ/ต ุฏุฑุตุฏ ูพุดโุจู ุดุฏู ุงุณุช",
35300,2025-04-22 11:29:49,-1001199808401,,,,"#ุฏูุงุฑ 

โ ุฏุฑ ููุทูู  ุญูุงุช ูุณุช ู ุฏุฑุตูุฑุช ุดฺฉุณุช ููุทูู  76200 ู 69000 ุญูุงุช ูุง ุจุนุฏ ูุณุชูุฏ ฺฉู ุญูุงุช ุฏูู ุงูุฏฺฉ ุจุนุฏ ูุณุช ..",
35299,2025-04-22 10:41:39,-1001199808401,,,,"ุฏูุงุฑ ููููููุฏ ุชูุฑุงู ๐ต 79,880....",
35298,2025-04-22 09:48:15,-1001199808401,,,,"#ุดุงุฎุต_ฺฉู 

โ ูุณุจุช ุจู ููุฌ ูุจู ุจูุธุฑ ุฏุฑ ููฺู ูุณุฑ ูุฑุงุฑ ุฏุงุฑุฏ ..",
35297,2025-04-22 09:32:39,-1001199808401,,,,"ุงุฑุฒุด ูุนุงููุงุช : 22.540 ููุช

โุจุงุฒุงุฑ ุฏุงุฑู ุจุฑุง ูุงู ูุฏุช ุฏู ุงูฺฏุฒ ูุดู .. ุจูุธุฑ ุจุฑุง 6 ูุงูู ุงูู ุงูุณุงู ูฺ ุณุฑูุงู ฺฏุฐุงุฑ ูุซู ุจูุฑุณ ุณูุฏ ุฏู ูุจุงุดุฏ ..",
35296,2025-04-22 08:25:06,-1001199808401,,,,"#ุฎูุฏุฑู 

โ ุณูู ฺฉุงูุงู ุฑู ุฒุฏ .. ูฺฉุณ ุฏุฑ ููุทูู  ุณูฺฏู ููุงููุช ุจุงุฒฺฏุดุง ุดุฏ ..",35007
35295,2025-04-22 08:19:33,-1001199808401,,,,"#ููุณู 

ยซุชู ุฑุง ุฏูุณุช ุฏุงุดุชูุ ฺูุงู ฺฉู ฺฏู ุชู ุขุฎุฑู ุนุฒุฒุงู ูู ุจุฑ ุฑู ุฒููุ 
ู ุชู ุฑูุฌู ุฏุงุฏุ ฺูุงู ฺฉู ฺฏู ูู ุขุฎุฑู ุฏุดููุงู ุชูยุจุฑ ุฑู ุฒููู.ยป

#ุงูุณูุงู",
35294,2025-04-22 08:14:11,-1001199808401,,,,"#ูููุงุฏ 

โ ุจูุธุฑ ูุณุฑ ุญุฑฺฉุช ุณูู ุจุฑ ุฑู ฺุงุฑุช ุจุฏู ุดฺฉู ุจุงุดุฏ ..",
35293,2025-04-22 08:07:33,-1001199808401,,,,"#ุฎูุฏุฑู 

โ ููุทู ูฺ ุดุฏ .. ูุชููู ููุฏูฺฏ ุฏูุจุงุฑู  ุฑู ูุงุฑุฏ ุจุงุฒุงุฑ ฺฉูู ..",
35292,2025-04-22 07:55:10,-1001199808401,,,,"#ุดุชุฑุงู 

โ ุชุญูู ุณูู ูพุงุจุฑุฌุงุณุช .. ฺฏุฑู ฺุงุฑุช ุฏุฑ ุนุจูุฑ ุงุฒ 260 ูุจุงุดุฏ ..",35044
35291,2025-04-22 07:48:48,-1001199808401,,,,"#ูุชุฌุงุฑุช 

โุงุฒ ุจูููุน ุชุฑู ุณฺฏูุงููุง ูุง ุฏุฑ ุงู ุฏูุฑู ุงุฒ ุจุงุฒุงุฑ ุจูุฏ ฺฉู ูุงุฑุฏ ุณูุฏ 140 ุฏุฑุตุฏ ุดุฏ .. ุจู ุณูู ฺฉุงูุงู ู ุชุงุฑฺฏุช ุงูู ูุง ูุฒุฏฺฉ ูุณุช ..",35235
35290,2025-04-22 07:33:20,-1001199808401,,,,"#ุฎูพุงุฑุณ 

โุงุฒ ููุทูู  ุญูุงุช ุญุฑฺฉุช 30 ุฏุฑุตุฏ ุดุฑูุน ฺฉุฑุฏู ุจู ูุณุจุช ุถุฑุฑ ฺฉู ุณูุงูุฏุงุฑุงุด ุฒุฏู ฺุฒ ูุณุช ู ุงูุชุธุงุฑ ุฏุงุฑู ุญุฑฺฉุช ุณูู ุจุนุฏ ุงุฒ 105 ุจุณูุช 230 ุดุฑูุน ุดูุฏ .. ุงุฒ ุขูุฏู ุฏุงุฑูุง ุจุงุฒุงุฑ ูุณุช ..",34819
35289,2025-04-22 07:28:09,-1001199808401,,,,"#ุบฺฏู 

โ ููุทูู  ุญูุงุช ุจุณุงุฑ ุฎูุจ ุชุนู ุดุฏ ู ฺฉูุฏููุง ูุงฺฉูุด ุฎูุจ ุจู ููุทูู  ุญูุงุช ุฏุงุดุชูุฏ .. 

ุงุฒ ููุทูู  ุชุนู ุดุฏู 96 ุฏุฑุตุฏ  ุจุงูุง ุขูุฏู ุงุณุช ู ูุฏู ุณูู ูุจู ฺฉุงูุงู ูุจุงุดุฏ ..",33870
35288,2025-04-22 07:09:52,-1001199808401,,,,"#ุญฺฉุดุช 

โ ุจุง ุญุฑฺฉุช 113 ุฏุฑุตุฏ ุงุฒ ุฒูุงู ุณฺฏูุงู ุณูู ุฑุง ุฏุฏ .. ุงู ฺฏุฑูู ุฏุฑ ุตูุฑุช ุจู ูุชุฌู ุฑุณุฏู ูุฐุงฺฉุฑุงุช ุงุฒ ฺฏุฑูููุง ูพุด ุฑู ูุชูุงููุฏ ุจุงุดูุฏ ..",33166
35287,2025-04-22 06:49:49,-1001199808401,,,,ุจุงุฒฺฏุดุง #ุฎูุฏุฑู ุฑู 630 ุฑุงู ุชุงุฏ ูุดุฏ.,
35286,2025-04-22 06:34:00,-1001199808401,,,,"#ุฐูุจ 

โ ููุงููุช ุณุฎุช ุฏุฑ ููุทูู  57 ุฏุงุฑุฏ ฺฉู ุฏุฑ ุตูุฑุช ุดฺฉุณุช ุฑุงู 75 ู ุจุนุฏ ุฏุฑ ูุงู ูุฏุช 120 ุฎูุงูุฏ ุดุฏ..",34611
35284,2025-04-22 06:19:42,-1001199808401,,,,"โุดุงุฎุต ุงูุฑูุฒ ูุชุนุงุฏู ุชุฑ ูุณุช ู ุจุนุถ ุงุฒ ฺฏุฑูููุง ุนุฑุถู ุจุงูุง ฺฏุฑูุชู , ุงูุง ููฺูุงู ูุถุง ฺฉู ูุซุจุช ูุณุช ..",
35283,2025-04-21 20:17:30,-1001199808401,,,,"#ุฎฺฏุณุชุฑ 

โุฏุฑ ูพูู  ุงูู ุชูุงูุง 2 ุจุฑุงุจุฑ ุดุฏู ู ุจุฑุง ุจููุฏ ูุฏุช ุชูุงูุง 6 ุจุฑุงุจุฑ ุดุฏู ุฏุงุฑุฏ ..",35223
35282,2025-04-21 19:52:53,-1001199808401,,,,"#ุซุจูุณุงุฒ

โุดุฑุงุท ุจูุงุฏ ุณูู ุนุงู ูุณุช .. ุณูู ฺฉุงูุงู ููุทูู  600 ูุณุช ..

ต.ณ ููุช ุงุฑุฒุด ุจุงุฒุงุฑ ุซุจูุณุงุฒ ูุณุช 
  ุดุฑฺฉุช ณ.ฑ ููุช ุณูุฏ ุงูุจุงุดุชู ุฏุงุฑู
ูพุด ุจู ูุดู ุญุฏูุฏ ฑ.ธ ุงู ฒ ููุช ูู ุฏุฑ ุณุงู ฑดฐด ุณูุฏ ุดูุงุณุง ฺฉูู",
35281,2025-04-21 19:46:56,-1001199808401,,,,"ูููุฑฺฉ ุชุงูุฒ : 
ูพุฒุดฺฉุงู ุฑุฆุณ ุฌูููุฑ ฺฏูุช ุงุฑุงู ุขูุงุฏู ุงุณุช ุจุง ุขูุฑฺฉุง ุจู ุชูุงูู ุจุฑุณุฏ. ุนุฑุงูฺ ุจุฑุง ุฑุงุฒู ุจู ฺู ุณูุฑ ู ฺฉูุฏ. ูุฒุฑ ุฎุงุฑุฌู ุนุฑุงูฺ ุจู ููุชุง ุงุชุงูุง ุฎูุฏ ฺฏูุช ุงฺฏุฑ ูุฐุงฺฉุฑุงุช ุจุง ููุงู ุณุฑุนุช ุณุงุฒูุฏู ุงุฏุงูู ุงุจุฏุ ุชูุงูู ูุงุจู ุฏุณุชุงุจ ุงุณุช.",
35280,2025-04-21 16:25:43,-1001199808401,,,,,35273
35279,2025-04-21 16:25:43,-1001199808401,,,,"#XAU
#USD
#ุทูุง

โ ุขุฎุฑู ุชุงุฑฺฏุช ุฏุฑุฌ ุดุฏู ุฏุฑ ฺุงุฑุช ูู ุฏุฏู ุดุฏ ู ุฏุฑ ุชุงู ูุฑู ูุงูุงูู ุชุงุฑฺฏุช ุฌุฏุฏ ุจุฑูุฒุฑุณุงู ฺฉุฑุฏู ..",35273
35278,2025-04-21 09:42:41,-1001199808401,,,,"#ููุณู 

ููุง ููุง ุจูุดุช ุงุณุช ฺฏูุฆุง ุจุฌูุงู
ุฏุฑู ุจูุดุช ุฏุฑู ุงุฑุฏุจูุดุช ฺฏุฑุฏุฏ ุจุงุฒ

#ุตุบุฑ_ุงุตููุงู",
35277,2025-04-21 09:04:33,-1001199808401,,,,"ุดุฎุตุช ุดูุงุ ูุชุฌูโ ูุฌููุนูโุง ุงุฒ ุนุงุฏุชโูุง ุดูุงุณุช. ููุช ุงุฌุงุฒู ูโุฏูุฏ ุชุง ุนุงุฏุชโูุง ุจุฏ ูุฏุฑุช ุจฺฏุฑูุฏุ ุงู ุนุงุฏุชโูุง ุจู ุดฺฉู ููุงูุน ุฏุฑ ูุณุฑ ููููุช ุดูุง ูุฑุงุฑ ูโฺฏุฑูุฏ.

ฺุงูุด ุงุตู ุงูุฌุงุณุช ฺฉู ุนุงุฏุชโูุง ุจุฏุ ููุฐ ูุณุชูุฏ ู ุจู ุขุฑุงู ุฏุฑ ูุฌูุฏ ุดูุง ุฑุดู ูโฺฉููุฏุ ุชุง ุฌุง ฺฉู ุญุช ูุชูุฌู ุฒุงู ฺฉู ุจู ุดูุง ูุฑุณุงููุฏ ูุฒ ููโุดูุฏ.

ุฒูุฌุฑูุง ุนุงุฏุชุ ุขููุฏุฑ ุณุจฺฉ ูุณุชูุฏ ฺฉู ุขููุง ุฑุง ุญุณ ููโฺฉูุฏุ ุชุง ุฒูุงูโฺฉู ุจู ุงูุฏุงุฒูโุง ุณูฺฏู ูโุดููุฏ ฺฉู ุฏฺฏุฑ ููโุชูุงูุฏ ุขููุง ุฑุง ูพุงุฑู ฺฉูุฏ.

๐ ุงุซุฑ ูุฑฺฉุจ 
๐ค #ุฏุงุฑู_ูุงุฑุฏ",
35276,2025-04-21 09:01:38,-1001199808401,,,,"๐ฆ ุญุจุงุจ ุตูุฏููโูุง ุทูุง:

๐ ุชุงุฑุฎ: 1404/02/01
โฐ ุณุงุนุช: 12:31

๐ ุขุฎุฑู ุงุทูุงุนุงุช ุจุงุฒุงุฑ:

๐ท ููุงุฏ: ูุฑุงุท
๐ ุญุจุงุจ: -2.64%
๐ท ููุงุฏ: ุฏุฑุฎุดุงู
๐ ุญุจุงุจ: -3.68%

๐ท ููุงุฏ: ฺฏููุฑ
๐ ุญุจุงุจ: -4.11%
๐ท ููุงุฏ: ุฒุฑูุงู
๐ ุญุจุงุจ: -5.9%

๐ท ููุงุฏ: ุชุงุจุด
๐ ุญุจุงุจ: -6.57%

๐ท ููุงุฏ: ฺฏูุฌ
๐ ุญุจุงุจ: -6.64%
๐ท ููุงุฏ: ูุงู
๐ ุญุจุงุจ: -7.04%

๐ท ููุงุฏ: ุนุงุฑ
๐ ุญุจุงุจ: -7.08%

๐ท ููุงุฏ: ูุซูุงู
๐ ุญุจุงุจ: -7.12%
๐ท ููุงุฏ: ุขูุชูู
๐ ุญุจุงุจ: -7.76%

๐ท ููุงุฏ: ุฌูุงูุฑ
๐ ุญุจุงุจ: -8.03%
๐ท ููุงุฏ: ุทูุง
๐ ุญุจุงุจ: -8.28%

๐ท ููุงุฏ: ฺฉูุฑุจุง
๐ ุญุจุงุจ: -8.74%
๐ท ููุงุฏ: ุฒุฑ
๐ ุญุจุงุจ: -8.8%

๐ท ููุงุฏ: ุฒุฑูุงู
๐ ุญุจุงุจ: -9.19%",
35275,2025-04-21 07:22:06,-1001199808401,,,,"ุณุฎูฺฏู ูุฒุงุฑุช ุฎุงุฑุฌู: 

 ุฏูุฑ ุจุนุฏ ูุฐุงฺฉุฑุงุชุ ุดุงูู ูุดุณุชโูุง ูู ู ูุฐุงฺฉุฑุงุช ุฏุฑ ุณุทุญ ููุงูุงุช ุงุฑุดุฏุ ุจู ุงุญุชูุงู ุฒุงุฏ ุฑูุฒ ุดูุจู ู ูุฌุฏุฏุงู ุฏุฑ ูุณูุท ุจุฑฺฏุฒุงุฑ ุฎูุงูุฏ ุดุฏ..

ุชุง ุงูุงู ู ููุชุธุฑ ุฌูุนู ู ุธููุฑ ุขูุง ุจูุฏู , ุงุฒ ุงู ุจู ุจุนุฏ ุจุงุฏ ุดูุจู ูุง ูู ููุชุธุฑ ูุฐุงฺฉุฑุงุช ุจุงุดู ุจุจูู ุจุงุฒุงุฑ ุณุจุฒ ููููู ุง ูู !๐",
35274,2025-04-21 07:03:13,-1001199808401,,,,"#ุญูุงุฑ 

โุจุง ุตู ูุง ุฎุฑุฏ ุณูฺฏู ููฺูุงู ุฏุฑ ูุณุฑ ุชุญูู ูุณุช ..",34737
35273,2025-04-21 06:55:27,-1001199808401,,,,"#ุทูุง
#XAU

โ ุทูุง ุฌูุงู ุฏููู ุฏููู ุชุงุฑฺฏุช ูุง ูุง ุฑุง ุจุง ุตุจุฑ ู ุญูุตูู ุฒุฏ ... ุจุง ุฑุณุฏู ุจู ููุทูู  3440 ู ุฏุฏู ูุงฺฉูุด ุจู ุงู ููุทูู ุชุงุฑฺฏุช ุจุนุฏ ุฑุง ุฏุฑ ุชุญูู ุจุนุฏ ุชุนู ูฺฉูู ..",35244
35272,2025-04-21 06:51:37,-1001199808401,,,,โุจุงูุงุฎุฑู ุจุนุฏ ุงุฒ ูุฏุชูุง ุจุงุฒุงุฑ ฺูุฏ ุฑูุฒ ุจู ูู ุงูุงู ุจุงุฒุงุฑ ุณุฑูุงู ูพุด ุฑูุช ู ุจ ุฏุบุฏุบู ู ฺฉุฏุณุช ุณุจุฒ ุจูุฏ ..,
35271,2025-04-20 18:30:39,-1001199808401,,,,"#ูุจุตุงุฏุฑ 

โ ุชุงุฑฺฏุช ููฺูุงู ูพุงุจุฑุฌุงุณุช ..",34382
35270,2025-04-20 18:22:45,-1001199808401,,,,"๐บุฑุญูุงู ููุฑูุงู ูพูุฑ ุชุญููฺฏุฑ ุณุงุณุช ุฎุงุฑุฌ:

๐ธโุจุนุฏ ุงุณุช ุงู ูุฒุงู ูพุดุฑูุช ุฏุฑ ูุฐุงฺฉุฑุงุช ุท ุฏู ุฌูุณู ุจุฏูู ุงูุฌุงู ูุฐุงฺฉุฑุงุช ุฑูุฏุฑู ุจูุฏู ุจุงุดุฏ.ูพุฐุฑุด ูพุฑูุชฺฉู ุฏุฑุฎูุงุณุช ุงุฑุงู ุงุฒ ุณู ุขูุฑฺฉุง ูู ูุดุงู ู ุฏูุฏ ุชุฑุงููพ ุจุง ุธููุฑ ุจู ุจุณุช ุฏุฑ ูุฐุงฺฉุฑุงุช ุตูุญ ุงูฺฉุฑุงู  ูุงุฒููุฏ ุชูุงูู ุจุง ุงุฑุงู ุงุณุช. ุงุณุฑุงุฆู ูู ุฏุฑ ุชูุงุด ุจุฑุง ุจุฑ ูู ุฒุฏู ูุฐุงฺฉุฑุงุช ุจุณุงุฑ ุฌุฏ ู ูุตูู ุงุณุช",
35269,2025-04-20 16:38:08,-1001199808401,,,,"#ููุณู 

ุจู ุจูุงุฑ ูโูุงู ฺฉู ฺูู ูโุขุฏุ ุฏุฑุฎุช ุฎุดฺฉุฏู ุดฺฉููู ูโฺฉูุฏ.


#ุงุญูุฏ_ุดุงููู",
35268,2025-04-20 16:12:31,-1001199808401,,,,"โ ุฑูุฒูุงูู ยซูุง ุฑูพูุจูููุง ุงุชุงูุงยป ุจู ููู ุงุฒ ฺฏุฑูุณ ูุฏุฑฺฉู ุขฺุงูุณ ุจูโุงูููู ุงูุฑฺ ุงุชู: 

โุชูุงูู ุขูุฑฺฉุง ู ุงุฑุงู ูุฒุฏฺฉโุชุฑ ุดุฏู ุงุณุชุ ุงูุง ูุงุฒููุฏ ูุธุงุฑุช ุฎูุงูุฏ ุจูุฏ.",
35267,2025-04-20 16:06:17,-1001199808401,,,,"ุขุง ุญุถูุฑ ุงูุฑูุฒ ฺฉ ุฎุจุฑูฺฏุงุฑ ุขูุฑฺฉุง ุณุฑุดูุงุณ ุฏุฑ ูุฌูุณ ุดูุฑุง ุงุณูุงูุ ูพุงู ุฏูพููุงุชฺฉ ุฏุงุฑุฏุ

๐นุฑฺุงุฑุฏ ุงูฺฏูุ ุฎุจุฑูฺฏุงุฑ ุขูุฑฺฉุง ุณุฑุดูุงุณ ุดุจฺฉู NBCุ ุจุง ุญุถูุฑ ุฏุฑ ูุฌูุณ ุดูุฑุง ุงุณูุงู ุจุง ุณุฎูฺฏู ฺฉูุณูู ุงููุช ูู ุงุฑุงู ฺฏูุชโูฺฏู ฺฉุฑุฏ!
๐นุฏุฑ ุงูุฏุงู ฺฉูโุณุงุจูู ู ุญุงุฆุฒุงููุชุ ุฑฺุงุฑุฏ ุงูฺฏูุ ุฎุจุฑูฺฏุงุฑ ูพุดฺฉุณูุช ุดุจฺฉู ุขูุฑฺฉุง NBCุ ุงูุฑูุฒ ุงุฒ ุฏุงุฎู ุณุงูู ุงุตู ูุฌูุณ ุดูุฑุง ุงุณูุงู ุงุฑุงู ุจุง ุณุฎูฺฏู ฺฉูุณูู ุงููุช ูู ู ุณุงุณุช ุฎุงุฑุฌ ฺฏูุชโูฺฏู ฺฉุฑุฏ.",
35266,2025-04-20 07:14:04,-1001199808401,,,,โโุฌูโ ูุซุจุช ูุฐุงฺฉุฑุงุช ุฑุง ูุฏูู ุบุจุช ุฑูุณโูุง ู ุงุฑููพุงุฆโูุง ูุณุชู!,
35265,2025-04-20 06:52:24,-1001199808401,,,,"ุฌุฑุงู ูพุฑ ูุฏุฑุช ูพูู ุญููโูุง!!

โช๏ธ ุฏุฑ ุชููุง ทฐ ุฏูููุ ุจุด ุงุฒ ฒฒฐฐ ููุงุฑุฏ ุชููุงู ูพูู ูุงุฑุฏ ุจุงุฒุงุฑ ุดุฏ!

 ููฺููุ ฑธฐฐฐ ููุงุฑุฏ ุชููุงู ููฺูุงู ุฏุฑ ุตูโูุง ุฎุฑุฏ ููุชุธุฑ ูุดุณุชูโุงูุฏุ ฺฉู ูุดุงูโุฏููุฏู ุชูุงุถุง ุจุณุงุฑ ุจุงูุง ู ุงุนุชูุงุฏ ุณุฑูุงูโฺฏุฐุงุฑุงู ุจู ุฑููุฏ ูุซุจุช ุจุงุฒุงุฑ ุงุณุช.

ุงู ุชุบุฑุงุช ูุดุงู ูโุฏูุฏ ฺฉู ุจุงุฒุงุฑ ุฏุฑ ุญุงู ุชุฌุฑุจู ฺฉ ุฑุดุฏ ฺุดูฺฏุฑ ุงุณุช ู  ููฺูุงู ุฑููุฏ ุตุนูุฏ ุฎูุฏ ุฑุง ุงุฏุงูู ุฎูุงูุฏ ุฏุงุฏ.",
35264,2025-04-20 06:50:54,-1001199808401,,,,"#ุขุฑุงู 

ุจุง ูุฏุฑุช ุงุฒ ููุทูู  ููุงููุช ุนุจูุฑ ฺฉุฑุฏ ู ุจุณูุช ุชุงุฑฺฏุช ุฑูุช ..",35234
35263,2025-04-20 06:31:36,-1001199808401,,,,โุจุงุฒุงุฑ ฺฉุฏุณุช ุณุจุฒ ูุณุช ุฎุฏุงุฑูุดฺฉุฑ .. ุงูุงู ููุชุด ุจูุฏ ฺฉู ุฏุงููู  ููุณุงู ุฑุง 5 ุฏุฑุตุฏ ฺฉููุฏ ..,
35262,2025-04-20 04:03:09,-1001199808401,,,,"#ุฎุจููู 

ุจุง ุดฺฉุณุช 230 ูุชูุงูุฏ ุจุณูุช 290 ุจุฑูุฏ.",34526
35261,2025-04-19 14:54:36,-1001199808401,,,,"โุจุฑูุงูู ุขูุฏู ูุฐุงฺฉุฑุงุช ุงุฑุงู ู ุขูุฑฺฉุงุ

โฺูุงุฑุดูุจู - ุณูู ุงุฑุฏุจูุดุช - ูุฐุงฺฉุฑู ุฏุฑ ุณุทุญ ฺฉุงุฑุดูุงุณุงู ูู - ุฏุฑ ุนูุงู
โุดูุจู - ุดุดู ุงุฑุฏุจูุดุช - ูุฐุงฺฉุฑู ุฏุฑ ุณุทุญ ูุฐุงฺฉุฑูโฺฉููุฏฺฏุงู ุงุฑุดุฏ - ุฏุฑ ุนูุงู",
35260,2025-04-19 14:53:08,-1001199808401,,,,"#ุดุงุฎุต_ฺฉู 

โุฏุฑ ุชุญูู ูุง ูุจู ุนุฑุถ ฺฉุฑุฏู ฺฉู ุงูุชุธุงุฑ ุฑุณุฏู ฺฉูุฏููุง ุจู ููุทูู  2.460 ูููู ูุงุญุฏ ุฑุง ุฏุงุฑู ูฺฏุฑ ุงูฺฉู ููููฺฏ ุขุจ ุฑูฺฏ (ฺฉุฌู) ุจุง ูพุฑ ุดุฏู ุธุฑู ุฒูุงู ุจุณูุช ฺฉูุฏููุง ุจุงูุง ุจุงุฏ ฺฉู ุงุชูุงู ุฏูู ุงูุชุงุฏ ู ููููฺฏ ฺฉุฌู ุจุณูุช ฺฉูุฏููุง ุญุฑฺฉุช ฺฉุฑุฏ .. 

ูุง 30 ุฏุฑุตุฏ ุณูุงู ุงุฒ ูุจู ุจูุฏู ู ุจุง ุดฺฉุณุช 2.850 ูููู ูุงุญุฏ ุชูุฑุจุง 20 ุฏุฑุตุฏ ุจู ุณูุงู ุงุถุงูู ฺฉุฑุฏู ู 15 ุฏุฑุตุฏ ูู ุตูุฏูู ูุง ุทูุง ..  ูุงุจู ูู ุฏุฑ ููู ูุง ุดุงุฎุต ุชฺฉูู ูฺฉูู .. ุดุงุฎุต ูุชูุงูุฏ ุจู ููุทูู  ุดฺฉุณุชู ุดุฏู ูพููุจฺฉ ุฏุงุดุชู ุจุงุดุฏ ..",35124
35259,2025-04-19 14:44:19,-1001199808401,,,,ูุฒุงุฑุช ุฎุงุฑุฌู ุนูุงู: ููุงููุช ฺฉุฑุฏู ุงูุฏ ูุงุฑุฏ ูุฑุญูู ุจุนุฏ ฺฏูุชฺฏููุง ุฎูุฏ ุดููุฏ ฺฉู ูุฏู ุขู ุงูุถุง ฺฉ ุชูุงูู ุนุงุฏูุงููุ ูพุงุฏุงุฑ ู ุงูุฒุงู ุขูุฑ ุงุณุช ฺฉู ุชุถูู ู ฺฉูุฏ ุงุฑุงู ฺฉุงููุง ุงุฒ ุณูุงุญ ูุง ูุณุชู ุง ู ุชุญุฑู ูุง ุฑูุง ุดุฏู ู ุชูุงูุง ุฎูุฏ ุจุฑุง ุชูุณุนู ุงูุฑฺ ูุณุชู ุง ุตูุญ ุขูุฒ ุฑุง ุญูุธ ฺฉูุฏ.,
35258,2025-04-19 14:16:54,-1001199808401,,,,"ุนุฑุงูฺ:

 ุงุฒ ฺูุงุฑุดูุจู ูุฐุงฺฉุฑุงุช ูู ุฏุฑ ุณุทุญ ฺฉุงุฑุดูุงุณุงู ุฏุฑ ุนูุงู ุจุฑฺฏุฒุงุฑ ูโุดูุฏ

ุฏูุฑ ุณูู ูุฐุงฺฉุฑุงุช ุดูุจู ููุชู ุขูุฏู ถ ุงุฑุฏุจูุดุช ุฏุฑ ุนูุงู ุจุฑฺฏุฒุงุฑ ูโ ุดูุฏ",
35257,2025-04-19 13:50:46,-1001199808401,,,,ุชุง ุณุงุนุงุช ุฏฺฏุฑ ุชุฑุงููพ ุฏุฑ ููุฑุฏ ูุฐุงฺฉุฑุงุช ุงุฑุงู ู ุขูุฑฺฉุง ุตุญุจุช ุฎูุงูุฏ ฺฉุฑุฏ.,
35256,2025-04-19 13:40:35,-1001199808401,,,,"โุจู ฺฏุฒุงุฑุด ุฑุณุงูู ุฑุณู ุงุฑุงูุ 

ุจุง ุชูุฌู ุจู ูุถุง ุณุงุฒูุฏู ุงู ูุฐุงฺฉุฑุงุชุ ุณู ูุงุช ุงุฑุงู ุ ุนูุงู ู ุขูุฑฺฉุง ุงุญุชูุงูุง ุฏูุฑ ุณูู ูุฐุงฺฉุฑุงุช ุฑุง ุฏุฑ ุฑูุฒูุง ุขูุฏู ุจุฑฺฏุฒุงุฑ ุฎูุงููุฏ ฺฉุฑุฏ.",
35255,2025-04-19 10:35:58,-1001199808401,,,,โุงูุฑูุฒ ุฏุฑ ุชุงู ุจุงุฒุงุฑ ุฏุฑ ุฎุฏูุช ุนุฒุฒุงู ูุจูุฏู .. ุจุงุฒุงุฑ ฺฉุฏุณุช ุณุจุฒ ุจู ูุฏุฑ ฺฏุฑูู #ุจุงูฺฉ ู #ุฎูุฏุฑู ุฏุงุดุชู ฺฉู ุจุงุนุซ ุดฺฉุณุช ุณูู ุดุงุฎุต ฺฉู ุดุฏ ุจุง ุญุฌู ุฎูุจ ุดุฏ .. ุชุญูู ุงุฒ ุดุงุฎุต ฺฉู ุฑุง ุจุฑูุฒุฑุณุงู ุฎูุงูู ฺฉุฑุฏ..,
35254,2025-04-18 17:40:12,-1001199808401,,,,"โุงฺฉุณูุณ:

๐ธุฏูุฑ ุฏูู ูุฐุงฺฉุฑุงุช ุงุฑุงู ู ุขูุฑฺฉุง ุฏุฑ ุฑูุฒ ุดูุจู ูุฑุงุฑ ุงุณุช ุฏุฑ ุณูุงุฑุช ุนูุงู ุฏุฑ ุฑู ุจุฑฺฏุฒุงุฑ ุดูุฏ.

 ๐ธุงูุชุธุงุฑ ูโุฑูุฏ ุงู ฺฏูุชโูฺฏููุง ุญุฏูุฏ ุณุงุนุช ต ุตุจุญ ุจู ููุช ุดุฑู ุขูุฑฺฉุง ุขุบุงุฒ ุดุฏู ู ุฏุณุชโฺฉู ูพูุฌ ุณุงุนุช ุจู ุทูู ุงูุฌุงูุฏ.

๐ธุงุงูุงุช ูุชุญุฏู ูโุฎูุงูุฏ ุงู ุฏูุฑ ุงุฒ ูุฐุงฺฉุฑุงุช ุจุง ุชุนู ฺฉ ฺุงุฑฺูุจ ุจุฑุง ฺฏุงูโูุง ุจุนุฏ ุฏุฑ ุฑููุฏ ฺฏูุชโูฺฏููุง ุจู ูพุงุงู ุจุฑุณุฏ.",
35253,2025-04-18 17:02:20,-1001199808401,,,,"๐ปุงุณุชุงุฏ ยซูุญุฏ ุชุงุฌยป ุงุฒ ุญุถูุฑ ุจุฑ ุตุญูู ุงุฌุฑุง ููุน ุดุฏ

ูุญุฏ ุชุงุฌุ ุฎูุงููุฏู ููุณู ุงุฑุงู ฺฉู ูุฑุงุฑ ุจูุฏ ุดุงูฺฏุงู ฒธ ูุฑูุฏูโูุงู ุจู ููุฑุงู ฺฉ ุฎูุงููุฏู ุงูู ฺฉุดูุฑ ุขุฐุฑุจุงุฌุงู ุฑู ุตุญูู ุจุฑูุฏ ุงุฒ ุงู ฺฉุงุฑ ููุน ุดุฏ.

ุฏุฑ ููุงุช ุฎูุงููุฏู ุขุฐุฑุจุงุฌุงู ุจู ุชููุง ุฑู ุตุญูู ุฑูุช ู ูุฎุงุทุจุงู ูุชูุงูุณุชูุฏ ุจุฎุด ูุงุฑุณ ุฑุง ุจุดูููุฏ.

ฺฏูุชู ูโุดูุฏ ฺฉู ุงู ุฎูุงููุฏู ุจู ุนูุช ุจุฑฺฏุฒุงุฑ ฺฉูุณุฑุช ููุณู ุจุง ุฏู ุฎูุงููุฏู ุฒู ุฏุฑ ุฎุงุฑุฌ ุงุฒ ฺฉุดูุฑ ููููุนโุงูฺฉุงุฑ ุดุฏู ุงุณุชุ ุงูุง ุฏูุงู ูุทุน ุงู ูุงุฌุฑุง ูููุฒ ุฏุฑ ูพุฑุฏูโุง ุงุฒ ุงุจูุงู ุงุณุช.

โุดูุง ูฺฉุฑ ฺฉู ุดุนูุฑ ูุฑููฺฏ ุงู ุงุญูู ูุง ุฏุฑ ฺู ุญุฏ ูุณุช ฺฉู ูุญุฏ ุชุงุฌ ุฑู ุจุฎุงุทุฑ ุชููุฏ ููฺู ุงุซุฑ ฺฏูุดููุงุฒ ููููุน ุงูฺฉุงุฑ ฺฉุฑุฏู ... ุงููููุช ูุนู Z ุขุฒุงุฏุงูู ุชุญุฑุฑ ุจุฒุบุงูู  ูุฒูู ...

ุนูุฑ ฺฉู ุจ ุนุดู ุฑูุช ูฺ ุญุณุงุจุด ูฺฏุฑ
ุขุจ ุญุงุชุณุช ุนุดู ุฏุฑ ุฏู ู ุฌุงูุด ูพุฐุฑ

ุนุดู ฺู ุจฺฏุดุงุฏ ุฑุฎุช ุณุจุฒ ุดูุฏ ูุฑ ุฏุฑุฎุช
ุจุฑฺฏ ุฌูุงู ุจุฑุฏูุฏ ูุฑ ููุณ ุงุฒ ุดุงุฎ ูพุฑ

ูุฑ ฺฉู ุดูุฏ ุตุฏ ุนุดู ฺฉ ุดูุฏ ุงู ุตุฏ ูุฑฺฏ
ฺูู ุณูพุฑุด ูู ุจูุฏ ฺฉ ุฑุณุฏุด ุฒุฎู ุชุฑ

ุฌูู ุฌุงู ูุง ูพุงฺฉ ฺฏุดุชู ุงุณุฑุงู ุฎุงฺฉ
ุนุดู ูุฑูุฑุฎุช ุฒุฑ ุชุง ุจุฑูุงูุฏ ุงุณุฑ..

ุจุง ุตุฏุง: ูุญุฏ ุชุงุฌุ ุณุงุฑุง ูุงุฆู ู ูฺฏูู ุงูุงููููุง 

ูุญู ุงุฌุฑุง: ูพุงุฑุณ 
ุจู ุฑูุจุฑ: ุขุฑุด ูููุงุฏููุฏ",
35252,2025-04-18 12:12:59,-1001199808401,,,,"โญ๏ธูุฒุงุฑุช ุฎุงุฑุฌู ุขูุฑฺฉุง: ุงุธูุงุฑุงุช ุฑุณุงููโุง ุจุงุฒุชุงุจ ุฑููุฏ ูุงูุน ูุฐุงฺฉุฑุงุช ุจุง ุงุฑุงู ูุณุช 

ุชุงู ุจุฑูุณ:

๐ธุงฺฏุฑ ูุฑุงุฑ ุจูุฏ ูุง ุงุฒ ุทุฑู ฺฏูุชโูโฺฏูโูุง ุฑุณุงููโุง ุง ุฏุฑ ุชููุฒูู ุง ุฌุงโูุง ุฏฺฏุฑ ูุฐุงฺฉุฑู ฺฉููุ ูุงุฒ ุจู ุณูุฑ ุจู ุฑู ุฏุฑ ุฑูุฒ ุดูุจู ูุจูุฏ 
๐ธููุงูุงุช ุขูุฑฺฉุง ุฏุฑ ุงู ูุฐุงฺฉุฑุงุช ุงูุชุธุงุฑ ูพุงุณุฎโูุง ุณุฑุน ุฏุงุฑูุฏุ ูุฑุงุฑ ูุณุช ""ุฌูุณู ุจุฑุง ุฌูุณู"" ุจุฑฺฏุฒุงุฑ ุดูุฏ. ุจุฑุงุณุงุณ ุฎูุงุณุช ุชุฑุงููพุ ุฏุฑ ูุฐุงฺฉุฑุงุชุ ุจุงุฏ ูพุงุณุฎ ุฑูุดู ุจูู ุง ูู ุฏุงุฏู ุดูุฏ ู ฺฉุงุฑ ุชูุงู ุดูุฏ",
35251,2025-04-18 09:26:47,-1001199808401,,,,"ุงุฏุนุง ูุงุฑุง ุฑูุฒูุ ุฎุจุฑูฺฏุงุฑ ุขูุฑฺฉุง: ุณุนูุฏ ูุง ุจู ุฏูุจุงู ุชุฏุงุฑฺฉ ุฏุฏุงุฑ ูพุฒุดฺฉุงู ู ุชุฑุงููพ ุฏุฑ ุนุฑุจุณุชุงู / ุชูุฑุงู ุชุงฺฉููู ุชูุงู ูุดุงู ูุฏุงุฏู

ูุงุฑุง ุฑูุฒู ุฎุจุฑูฺฏุงุฑ ุขูุฑฺฉุง ุจุง ุงุดุงุฑู ุจู ุณูุฑ ูุฒุฑ ุฏูุงุน ุนุฑุจุณุชุงู ุจู ุงุฑุงู ุฏุฑ ุฎุจุฑูุงูู ุฎูุฏ ุชุญุช ุนููุงู ุฏูพููุงุชฺฉ ููุดุช: ููุงุจุน ุงุดุงุฑู ฺฉุฑุฏูโุงูุฏ ฺฉู ุณุนูุฏโูุง ุนูุงููโููุฏ ูุณุชูุฏ ฺฉู ุจุจููุฏ ุขุง ูโุชูุงููุฏ ููุน ุฏุฏุงุฑ ุณุทุญโุจุงูุง ุจู ุงุงูุงุช ูุชุญุฏู ู ุงุฑุงู ุฑุงุ ููฺฏุงู ุณูุฑ ุชุฑุงููพ ุจู ุนุฑุจุณุชุงูุ ูุงูุฌโฺฏุฑ ฺฉููุฏ. ู ุงูุฒูุฏ: ุจุง ุงู ุญุงูุ ุชุตูุฑ ูโุดูุฏ ฺฉู ุงุฑุงูโูุง ุชุงฺฉููู ุชูุงู ูุดุงู ูุฏุงุฏูโุงูุฏ.

 ุงูุชุฎุงุจ",
35250,2025-04-18 09:23:25,-1001199808401,,,,"#ุฎูุฏุฑู

ุชุบุฑุงุช ุฑุดู ุง ุฏุฑ ุฒุฑูุฌููุนู ูุง ุงุฑุงู ุฎูุฏุฑู

โุดูุฏู ูุง ุญุงฺฉ ุงุฒ ุงุญุชูุงู ุงูุญูุงู ู ุง ุงุฏุบุงู ุฒุฑูุฌููุนู ูุง ุงุฑุงู ุฎูุฏุฑู ุงุณุช.

โุฌุชฺฉู : ููุญู ุดุฏ
โุงูพฺฉู : ุงุญุชูุงู ุงูุญูุงู
โุงูุฏุงุฏ ุฎูุฏุฑูุ ุงุณุงฺฉู ู ููฺฏุงู ุฎูุฏุฑู : ุงุญุชูุงู ุงุฏุบุงู
โุงุณฺฉู : ุงุญุชูุงู ุงูุญูุงู

โููฺูู ุดูุฏู ูุง ุญุงฺฉ ุงุฒ ุขู ุงุณุช ฺฉู ุงูฺฉุงู ุชุบุฑุงุช (ุงุฏุบุงู) ุฏุฑ ุณุงูพฺฉู ูุฒ ูุฌูุฏ ุฏุงุฑุฏ ุงูุง ูููุฒ ุฏุฑ ููุฑุฏ ุณุงูพฺฉู ฺุฒ ูุดุฎุต ูุณุช.

#ุฎูุฏุฑู",
35249,2025-04-17 20:43:55,-1001199808401,,,,"ุงฺฏุฑ ุณุฎูุงู ุจู ูู ู ุชู ูพุงุงู ุงูุชุ
ูุงฺูโูุงู ุฑุง ุจุฑ ุฏูุงุฑูุง ุฏูุช ุจููุณุ
ุขูโฺฏุงู ฺฉู ุดุจ ูโุฑุณุฏุ
ุฎูุงู ุฏุฏุ
ฺฉู ุฏูู ูููุฒ ุจุฑุงุช ูโุชูพุฏ...

#ูุฒุงุฑ_ูุจุงู 
#ุดุจ_ุฎูุด๐ฆ

I Even Dream About You
Artist : Jess Allen
Year : 2023",
35248,2025-04-17 11:17:53,-1001199808401,,,,"#ููุณู 

ุงฺฏุฑ ุณุฎู ูุงูู ูู ู ุชู ูพุงุงู ุงูุช
ู ุฑุงูโูุงู ูุตุงู ูุทุน ุดุฏูุฏ
ู ุฌุฏุง ู ุบุฑุจู ฺฏุดุชูุ
ุงุฒ ูู ุจุง ูู ุขุดูุง ุดู.. 

#ูุฒุงุฑ_ูุจุงู",
35247,2025-04-17 11:11:07,-1001199808401,,,,"ุฏูุงุฑ ููููููุฏ ุชูุฑุงู ๐ต 85,200",
35245,2025-04-17 06:00:20,-1001199808401,,,,"โ ูููุฑฺฉ ุชุงูุฒ ุจู ููู ุงุฒ ููุงูุงุช ุขูุฑฺฉุง:
ุชุฑุงููพ ุจู ุงุณุฑุงุฆู ุงุทูุงุน ุฏุงุฏ ฺฉู ุงุฒ ูฺ ุญูููโุง ุจู ุงุฑุงู ุญูุงุช ููโฺฉูุฏ ..",
35244,2025-04-16 10:12:52,-1001199808401,,,,"#XAU
#ุทูุง

โุทูุง ุฌูุงู ุฏุฑ ูุณุฑ ุชุญูู ุจุณูุช ุชุงุฑฺฏุช 3440 ุฏูุงุฑ ... 

ุงูุฏฺฉ ุฎุจุฑ ููู ูุจู ุจุฑ ูุฐุงฺฉุฑุงุช ุจุงุฏ ุทูุง ฺฏุฑู ุฏุฑ ุงุฑุงู ุจุณูุช 10 ูููู ุฎูุงูุฏ ุฑูุช ..",35174
35243,2025-04-16 09:26:40,-1001199808401,,,,"#ููุณู 

ยซุชู ุฒุจุงุ
ฺู ุตูุญ ุฏุฑ ฺุดูุงูู ููุช ุฎุณุชู ุงุฒ ุฌูฺฏ...ยป

#ูุงุงุฏุฑ",
35242,2025-04-16 08:39:50,-1001199808401,,,,โุจุฌุฒ ฺฏุฑูู ููุฒุงุช ูุงุจู ุจุงุฒุงุฑ ุณุจุฒ ู ูพุฑุชูุงุถุง ุฏูุจุงู ูุดูุฏ ..,
35241,2025-04-15 10:41:52,-1001199808401,,,,"ุฑูุฌ ููู ุฏุฑ ุตูุฏููโูุง ุทูุง ููุฒูุงู ุจุง ุณุฎูุฑุงู ุงุชโุงููู ุฎุงูููโุง 

๐ธุขุช ุงููู ุฎุงูููโุง: 
ฺฏูุชฺฏููุง ุนูุงู ุฏุฑ ูุฏูโูุง ุงูู ุฎูุจ ุงุฌุฑุง ุดุฏู ุงุณุช.

ุงุฒ ูุญุด ฺฏุฐุงุดุชู ุจุฑุง ูุฑ ฺฉ ุจุฑู ูุฐุงฺฉุฑู , ุฑุณุฏู ุจู ูุฏู ุงูู ุฎูุจ ุงุฌุฑุง ุดุฏู .. ุจุงูุงุฎุฑู ุงูู ูพุดุฑูุชู !๐",
35240,2025-04-15 10:37:39,-1001199808401,,,,"ุฑูุจุฑ:

""ูุฐุงฺฉุฑุงุช ุนูุงู ุฏุฑ ูุฏูโูุง ุงูู ุฎูุจ ุงุฌุฑุง ุดุฏู""

๐ุจู ฺฏูุชโูโฺฏูโูุง ูู ุจู ุตูุฑุช ุงูุฑุงุท ุฎูุดุจู ูุณุชูุ ูู ุจู ุตูุฑุช ุงูุฑุงุท ุจุฏุจูุ ุจุงูุงุฎุฑู ฺฉุงุฑ ู ุญุฑฺฉุช ุงุณุช ฺฉู ุชุตููโฺฏุฑ ุดุฏู.",
35239,2025-04-15 07:34:15,-1001199808401,,,,"ุฏูุงุฑ ูุฑุฏุง ุชูุฑุงู โณ 90,800 ๐",35216
35238,2025-04-15 07:29:44,-1001199808401,,,,โุงุฑุฒุด ูุนุงููุงุช ุฎุฑุฏ ุงุฒ ูกูฃ ููุช ุนุจูุฑ ฺฉุฑุฏ..,
35237,2025-04-15 07:20:58,-1001199808401,,,,"#ููุณู 

ููู ฺุฒุ ุฎุงุทุฑูุ ฺฏูุชฺฏููุงุ ุจูุณูโูุงุ ููู ฺุฒ ูโฺฏุฐุฑุฏ!
ูู ุชูุงุณ ุงุฑูุงุญ ฺฉู ฺฉุฏฺฏุฑ ุฑุง ููุณ ฺฉุฑุฏู ู ุฏุฑ ูุงู ุงูุจูู ุงุดฺฉุงู ุฒูุฏฺฏุฐุฑุ ฺฉุฏฺฏุฑ ุฑุง ุดูุงุฎุชูโุงูุฏ โูุฑฺฏุฒ ุฒุฏูุฏู ููโุดูุฏ.

#ุฑููู_ุฑููุงู",
35236,2025-04-15 06:49:05,-1001199808401,,,,"#ูุจููุช 

โ ุงุฒ ููุง ุฏูุฑ ุนููุง ุจู ุณูู ฺฉุงูุงู ุฑุณุฏู ุงุณุช ู ุจุงุฏ ุฌุงูุจ ุงุญุชุงุท ุฑุง ุฏุฑ ูพุด ฺฏุฑูุช ..",35181
35235,2025-04-15 06:42:35,-1001199808401,,,,"#ูุชุฌุงุฑุช

ูุงุฑุฏ ุณูุฏ 100 ุฏุฑุตุฏ ุดุฏ .. ุงูุฑูุฒ ุญุฌู ุจุณุงุฑ ุนุฌุจ ุฎูุฑุฏ .. ูุฏู ุณูู ููฺูุงู ููุทูู  73 - 70 ุณูู ฺฉุงูุงู ูุณุช..",35134
35234,2025-04-15 06:24:39,-1001199808401,,,,"#ุขุฑุงู 

โุจุงุฑูุง ุงุฒ ุณูู ุณูุฏ ุฎูุจ ฺฏุฑูุชู .. ุจุง ุนุจูุฑ ุงุฒ 210 ูุชูุงูุฏ ุญุฑฺฉุช 50 ุฏุฑุตุฏ ุชุง ุณูู ฺฉุงูุงู ุฏุงุดุชู ุจุงุดุฏ ..",
35233,2025-04-15 06:21:53,-1001199808401,,,,"#ฺฉุณูู 

โ ุญุฌู ฺฉู ุฏุฑูุฒ ุฎูุฑุฏู ุฏุฑ ุชุงุฑุฎ ุณูู ุชฺฉุฑุงุฑ ูุดุฏู ุงุณุช.. ุงุฒ ุฒูุงู ุชูุตู ุจุฎุฑุฏ 140 ุฏุฑุตุฏ ุฑุดุฏ ุฏุงุดุชู ุงุณุช .. ุชุง ุฒูุงูฺฉู 330 ุจุง ูุฏุฑุช ุดฺฉุณุชู ูุดูุฏ ุชูุตู ุจู ูุฑูุฏ ูุฏุงุฑู ..",34561
35232,2025-04-15 06:07:43,-1001199808401,,,,"ุญุฌู ูุนุงููุงุช ูุดฺฉูฺฉ ุชุง ุงู ุฏูุงู

#ูุณูุง
#ููพุงุณุงุฑ
#ูุชุฌุงุฑุช
#ุขุฑุงู
#ุฒุฏุดุช
#ุญฺฉุดุช
#ุชููู
#ฺุฎุฒุฑ
#ูุฏุงูุง
#ููุฑ",
35231,2025-04-15 05:56:11,-1001199808401,,,,โุงูุงู ุจุงุฒ ุดุฏู ูุนุงููุงุช ูุฏุฑูุง ฺฏุฑูู ุฎูุฏุฑู ูุชูุงูุฏ ุจู ุญุฑฺฉุช ุฏูุจุงุฑู  ุจุงุฒุงุฑ ฺฉูฺฉ ฺฉูุฏ .. #ุฎุณุงูพุง ู #ุฎูุฏุฑู,
35230,2025-04-15 05:53:56,-1001199808401,,,,โุดุงุฎุต ุฏุฑ ุญุงู ุดฺฉุณุช ุณูู ูุณุช ู ููู ุดุฏู ุจุนุถ ุงุฒ ฺฏุฑูููุง ฺฉุงููุง ุทุจุน ูุณุช .. ุญุช ุงฺฏุฑ ฺฉ ุฏู ุฑูุฒ ูู ุจุงุฒุงุฑ ููู ุจุงุดุฏ ุงูุง ุญูุงุช 2.800 ูููู ุญูุธ ุดูุฏ ููฺูุงู ูุชูุงู ุจู ุญุฑฺฉุช ุจุณูุช 4 ูููู ูุงุญุฏ ุงูุฏูุงุฑ ุจูุฏ ..,
35229,2025-04-15 05:51:30,-1001199808401,,,,โ#ุจูู_ุฑู ูุฑุตุช ูุฑูุฏ ุฏุงุฏ ..,35220
35228,2025-04-15 05:47:14,-1001199808401,,,,"#ุดุงุฎุต_ฺฉู 

ุดุงุฎุต ุฏุฑ ุญุงู ุนุจูุฑ ุงุฒ ุณูู ุชุงุฑุฎ ุฎูุฏ ูุณุช ู ุนุฑุถู ูุง ุทุจุน ... 

ุญูุงุช ูุณุชุญฺฉู ุฏุฑ 2.87 ูููู ูุงุญุฏ ุฏุงุฑุฏ ฺฉู ูุชูุงูุฏ ููุฌุจ ุฎุฑุฏ ูุฌุฏุฏ ุดูุฏ..",
35227,2025-04-14 16:13:00,-1001199808401,,,,ุชุฑุงููพ : ูุณุฆูู ุงุฑุงู ุชูุณุท ูุง ุญู ุฎูุงูุฏ ุดุฏ.,
35226,2025-04-14 12:28:50,-1001199808401,,,,"#ุนุงุฑ

โุงูุฑูุฒ ูุงฺฉูุด ุจู ููุทูู  ุญูุงุช ฺฉู ูุจู  ุงุจุฑ ฺฉููู ูู ุจูุฏ ูุดุงู ุฏุงุฏ .. ููุงููุช ุณูฺฏู ุฏุฑ ฺุงุฑุช ุนูุงูุช ุฒุฏู ุชูุฑุจุง 15 ุฏุฑุตุฏ ุจุงูุงุชุฑ ูุณุช..",35202
35225,2025-04-14 11:41:42,-1001199808401,,,,"#ููุณู 

ูู ุจูุฏู ุขู ูุฏุฑ ุฏุฑ ุจุฎูุงุจู
ฺฉู ุงูุฏููู ุฑุง ุฎูุงุจ ฺฉูู! 
ุงูุง ฺฉ ุจู ูู ุจฺฏูุฏ
ฺฉู ุงุฒ ุฎูุงุจ ุจุฏุงุฑ ุดูู ฺฉู ุงูุฏููุ
ุฒูุฏุชุฑ ุงุฒ ูู ุจุฏุงุฑ ูุดุฏู ุจุงุดุฏุ!

#ุญุณู_ุขุฐุฑ",
35224,2025-04-14 08:49:15,-1001199808401,,,,โุตูุฏูู ูุง ุทูุง ูู ุงูุฑูุฒ ูุซุจุช ุจุงุฒ ุดุฏูุฏ..,
35223,2025-04-14 06:02:45,-1001199808401,,,,"#ุฎฺฏุณุชุฑ 

โุฏุฑ ุญุงู ุนุจูุฑ ุงุฒ ููุทูู  ููุงููุช ูุณุช .. ุจุนุฏ ุงุฒ ุงู ููุงููุช ุญุฑฺฉุช ุณูู ุจุณุงุฑ ุฑูุงูุชุฑ ุฎูุงูุฏ ุดุฏ.",34438
35222,2025-04-14 05:37:25,-1001199808401,,,,โุจุงุฒุงุฑ ุชุง ุฎุดุชฺฉ ุณุจุฒ ..,
35221,2025-04-14 05:25:36,-1001199808401,,,,ุงุฑุฒุด ุตู ูุง ูพุด ฺฏุดุงุด ฑถ.ต ููุช!!!๐๐ณ,
35220,2025-04-14 04:38:25,-1001199808401,,,,"#ุจูู_ุฑู

โฺฉูุฏููุง ูุนูููุง ุจุนุฏ ุงุฒ ุฎุฑูุฌ ุงุฒ ุงุจุฑูุง ุงูุดฺฉู ูพููุจฺฉ ุจู ุณุทุญ ุงุจุฑ ูุฏููุฏ ฺฉู ุฏุฑ ุขู ููุทูู ููุงุณุจ ุจุฑุง ุฎุฑุฏ ูุดููุฏ .. 

ุงู ุตูุฏูู ุฑุง ฺฉู ุฏุฑ ุงู ฺูุฏ ุฑูุฒ ูู ุจุณุงุฑ ุญุฌู ุฎูุจ ุฎูุฑุฏู ุงุณุช 10 ุงู 15 ุฏุฑุตุฏ ุณุจุฏ ุฌูุช ุฎุฑุฏ ูุชูุงูุฏ ุฏุฑูุธุฑ ุฏุงุดุชู ุจุงุดุฏ .. 

ุฏุฑ ููุฑุฏ ุณุจุฏ ู ุชุงุฑฺฏุช ูุง ุขู ูุจูุง ุตุญุจุช ฺฉุฑุฏู ..",
35219,2025-04-14 04:02:15,-1001199808401,,,,"#ุฎุณุงูพุง #ูุณุงูพุง #ูุฑูุง

ุขฺฏู ูุฑุงุฎูุงู ุนููู ุดูุงุณุง ู ุจุฑุฑุณ ุตูุงุญุช ูุชูุงุถุงู ุฎุฑุฏ ุจููฺฉ ดฒ ุฏุฑุตุฏ ุณูุงู #ุณุงูพุง ูุชุนูู ุจู #ูุณุงูพุง ู #ูุฑูุง ู #ุณูฺฉู ู #ููุขู_ุงุจุชฺฉุงุฑ ุจู ุตูุฑุช ุชุฌูุน",
35218,2025-04-13 20:46:39,-1001199808401,,,,"#OM
5.2 ููุงุฑุฏ ุฏูุงุฑ ูพูู ูพูุฏุฑ ุดุฏ ุฑูุช
(ุงุฑุฒ ุฑุชุจู 22 ุจูุฏ)

ุงุฒ ุงุชูุงูุงุช ูพุดู ุฑุฒูู ุจุงุฒุงุฑ ฺฉุฑูพุชู ..
ุฑุฒุด  94ุฏุฑุตุฏ ุงุฑุฒ ูุงูุชุฑุง  ุฏุฑ 2 ุณุงุนุช.

ูุงุฑฺฉุช ฺฉูพ ูุจู: ุชูุฑุจุง 6 ููุงุฑุฏ ุฏูุงุฑ
ูุงุฑฺฉุช ฺฉูพ ูุนู: 0.8 ููุงุฑุฏ ุฏูุงุฑ ...",
35217,2025-04-13 19:05:36,-1001199808401,,,,"ุดุจ ูุฑู ูโุงูุชุงุฏ 
ุจู ุฏุฑูู ุขูุฏู ู ูพูุฌุฑูโูุง ุฑุง ุจุณุชู
ุจุงุฏ ุจุง ุดุงุฎู ุฏุฑุขูุฎุชู ุจูุฏ 
ูู ุฏุฑ ุงู ุฎุงูู ุชููุงโ ุชููุง 
ุบู ุนุงูู ุจู ุฏูู ุฑุฎุชู ุจูุฏ..

#ููุดูฺฏ_ุงุจุชูุงุฌ
#ุดุจ_ุฎูุด๐ฆ

Rudsar 2023, kambiz maleki",
35216,2025-04-13 17:18:18,-1001199808401,,,,"#ุฏูุงุฑ 

โ ูุฑุฏุง ุงุญุชูุงูุง ุจู ููุทูู  ูุณุชุญฺฉู ุญูุงุช 82500 ุงู 79950 ุฎูุงูุฏ ุฑุณุฏ .. ฺฉู ุงูุชุธุงุฑ ูุฏุฑุช ุฎุฑุฏ ุฏุฑ ุงู ููุทูู ุฑุง ุฏุงุฑู .. ุฏุฑ ุตูุฑุช ุงุฒ ุฏุณุช ุฑูุชู ุงู ูุงุญู ููุทูู  ุจุนุฏ ุญูุงุช 70000 ูุณุช .. ุฏุฑ ุตูุฑุช ุฑุณุฏู ุจู ุงู ููุงุทู ุชุญูู ุจุฑูุฒ ุฎูุงูู ฺฉุฑุฏ.. 

ุฏุฑ ุตูุฑุช ุญูุงุช ุฏุฑ ููุทูู  ุงูู ูุชูุงูุฏ ฺฉุจุงุฑ ุฏฺฏุฑ ุจุณูุช 98000 ุจุฑูุฏ ..",
35213,2025-04-13 11:41:12,-1001199808401,,,,"#ุทูุง_18_ุนุงุฑ

โ ุฏุฑ ููุทูู  6.42 ุชุง 6.280 ูููู ุชููุงู ุญูุงุช ุฎูุจ ุฏุงุฑุฏ .. ุฏุฑ ุตูุฑุช ุดฺฉุณุช ุญูุงุช ูุง ุจุนุฏ ููุงุทู 5.800 ู 5.200 ูููู ูุณุช .. 

ุชุง ุฒูุงูฺฉู ุฒุฑ 5.200 ูููู ุชุซุจุช ูุดูุฏ ุฑููุฏ ูุงู ูุฏุช ููฺูุงู ุตุนูุฏุณุช ..",
35212,2025-04-13 11:35:12,-1001199808401,,,,"#ููุณู 

ุฏูุง ูพุฑ ุงุฒ ุฑูุฌ ุงุณุช
ยยยยย ุจุง ุงู ุญุงู
ยยยยย ุฏุฑุฎุชุงู ฺฏูุงุณ ุดฺฉููู ู ุฏููุฏ..


ยยยยยยยยยย #ฺฉูุจุงุงุด_ุงุณุง",
35209,2025-04-13 10:57:38,-1001199808401,,,,"โ ุฑฺฉูุฑุฏ ฺุดูฺฏุฑ ุฏุฑ ุจุงุฒุงุฑ ุณูุงูุ ูุฑูุฏ ูพูู ุญูู ุจู ุจุงูุงุชุฑู ุณุทุญ ฺูุงุฑ ุณุงู ุงุฎุฑ ุฑุณุฏ

โุฏุฑ ูพุงุงู ูุนุงููุงุช ุงูุฑูุฒุ ุงุฑุฒุด ูุนุงููุงุช ููฺูุงู ุฏุฑ ูุญุฏูุฏู น.ฒ ููุช ูพุงุฏุงุฑ ูุงูุฏุ ุจุง ุงู ุญุงูุ ูุงุฌุฑุง ุจู ููู ุฌุง ุฎุชู ููโุดูุฏ. ุจุฎุด ุนูุฏูโุง ุงุฒ ูพุงู ุจูุฏู ุงุฑุฒุด ูุนุงููุงุชุ ูุงุด ุงุฒ ุตูโูุง ุฎุฑุฏ ู ูุจูุฏ ุนุฑุถู ุฏุฑ ุงู ุตููู ุจูุฏู ุงุณุช.

โุงุฒ ุณู ุฏฺฏุฑุ ุจุงุฒุงุฑ ุณุฑูุงู ุดุงูุฏ ุฑฺฉูุฑุฏ ฺฉูโุณุงุจูู ุจูุฏุ ูุฑูุฏ ูพูู ุญูู ุจู ุจุงุฒุงุฑุ ูพุณ ุงุฒ ฺูุฏู ุณุงู ุจู ุงูุฌ ุชุงุฒูโุง ุฑุณุฏ ู ุจุง ุชุฒุฑู ด,ณถฐ ููุงุฑุฏ ุชููุงู ุณุฑูุงู ุญููุ ุญุฏูุฏ ดท ุฏุฑุตุฏ ุงุฒ ฺฉู ูุนุงููุงุช ุฑุง ุจู ุฎูุฏ ุงุฎุชุตุงุต ุฏุงุฏ.",
35208,2025-04-13 10:56:29,-1001199808401,,,,"โุงุญูุฏ ูฺุงุฏ ุฑุฆุณ ุฌูููุฑ ุฏููุช ููู ู ุฏูู ฺฏูุช : ุขูุฑฺฉุง ููุตุฑ ูุจูุฏู ู ูุณุช . 
ููุดู ุงุฑุงู ุนูุฏุดฺฉู ฺฉุฑุฏู ู ุฎูุฏู ุงุฒ ุณุงู ธน ุดุงูุฏุด ูุณุชู .
 ุงูุฑฺฉุง ุฎูุฏุด ุจูููู ุณุงูุชุฑููฺูุง ูุณู ุดุด ุฑุง ูุฏุงุฏ ุชุง ูุง ฒฐ ุฏุฑุตุฏ ุบู ุณุงุฒ ฺฉูู .
 ูู ูุจูู ฺฉุฑุฏู ฺฉู  ูุง ู ุขูุฑฺฉุง ุจุงูู ุดุฑฺฉ ุณุงุฒู ูุง ุงุชู ุจุณุงุฒู .
ุงุฒ ุฏุงุฎู ุงุฑุงู ุนูุฏุดฺฉู ฺฉุฑุฏูุฏ ู ูฺฏุฐุงุดุชูุฏ .",
35204,2025-04-13 10:30:31,-1001199808401,,,,,
35203,2025-04-13 10:30:31,-1001199808401,,,,"โุจุจูุฏ ุฏูุณุชุงู ุงู ููููู  ุงุฒ ุงูุชุฎุงุจ ุงุณุชุฑุงุชฺ ุงุดุชุจุงู ุจุฑุง ุณุฑูุงู ฺฏุฐุงุฑ ูุณุช ... ุชุงุฒู ุงู ฺฉุงูุงู ุงุฒ ุฏูุณุชุงู ุจุณุงุฑ ุจุงุณูุงุฏ ุฏุฑ ุจู ฺฉุงูุงููุง ูุณุชูุฏ .. 

ุฏููุง ูุจู ุงุฒ ุงุณููุฏ ูุง ุงุนูุงู ฺฉุฑุฏู ุตูุฏูู ูุง ุฑุง ุจุฎุงุทุฑ ุฑุณฺฉ ูุฑูุดูุฏู ูุณุชู ู ุจุง ุณูุฏ ุจุงูุง 80 ุฏุฑุตุฏ ูุฑูุดูุฏู ุจูุฏู .. ุฎู ุงุฒ ฺฉุงูุงููุง ุงูุณุชุงฺฏุฑุงู ู ุชูฺฏุฑุงู (ุจุงูุง 90 ุฏุฑุตุฏ) ุฏููุง ุฏุฑ ุณูู ูพุดููุงุฏ ุฎุฑุฏ ุฏุงุดุชูุฏ ฺฉู ุงูุงู ุจุง ฺฏุฐุดุช ฺฉูุชุฑ ุงุฒ ฺฉูุงู ุจุง 28 ุฏุฑุตุฏ ุถุฑุฑ ูุนููู ุดุฏ ฺฉู ฺฉุฏุงู ุงุณุชุฑุงุชฺ ุฏุฑุณุช ุจูุฏู ุงุณุช ..

ุฏู ุนฺฉุณ ฺฉู ุฏุฑ ูพุณุช ูุดุงูุฏู ูฺฉูุฏ ฺฉ ูุฑุจูุท ุจู ุงูุงุฎุฑ ุงุณููุฏ ู ุณฺฏูุงู ุฎุฑุฏ ูุณุช ู ุฏฺฏุฑ ุจุฑุง ุงูุฑูุฒ ุชูุตู ุจูุฑูุด ุจุง ุถุฑุฑ 28 ุฏุฑุตุฏ ู  ูุณุฆููุช ุฎูุฏุชุงู ูุณุช ุงุฒ ฺฉ ุงุฒ ฺฉุงูุงููุง ููฺฉุงุฑ ู ุฏูุณุช ฺฉู ุชุงุฒู ุจูุธุฑ ูู ุงุฒ ุจฺู ูุง ุจุงุณูุงุฏ ุจุงุฒุงุฑ ูุณุชูุฏ ...",
35202,2025-04-13 10:20:23,-1001199808401,,,,"#ุนุงุฑ 

โุจุง 28 ุฏุฑุตุฏ ุงุตูุงุญ ุชูุงูู ุญูุงุช ูุง ุฑู ูพูุฏุฑ ฺฉุฑุฏ .. ููุท ุงูู ุจฺุงุฑู ูุง ฺฉู ูุจู ุงุฒ ุนุฏ ุจุง ุจุฎุฑุจุฎุฑ ุฌุงูููู ฺฉุงูุงููุง ุชูฺฏุฑุงู ูุงุฑุฏ ุฎุฑุฏ ุดุฏูุฏ ..

ูุง ุงูุงุฎุฑ ูพุงุฒ ูพุงุฑุณุงู ุฎุฑุฏ ุฒุฏู , ูู ุฏุฑ ฺฉุงูุงู ุนููู ู ูู ุฏุฑ ฺฉุงูุงู ุงุฎุชุตุงุต ุงุนูุงู ฺฉุฑุฏู .. ุฏุฑ ุงูุงุฎุฑ ุงุณููุฏ ูู ุจุง ุณุจุฒ ุงู ุตูุฏูู ูุง ุจุตูุฑุช ูพูู  ุฎุงู ฺฉุฑุฏู ฺฉู ุขู ูู ุฏุฑ ฺฉุงูุงู ุนููู ู ุจุง ุฌุฒุงุช ุจุดุชุฑ ุฏุฑ ฺฉุงูุงู ุงุฎุชุตุงุต ุงุนูุงู ฺฉุฑุฏู ..",35194
35201,2025-04-13 07:01:09,-1001199808401,,,,"ุชุฑุงููพ : 
ูุฐุงฺฉุฑุงุช ุจู ุขูุฑฺฉุง ู ุงุฑุงู ุฏุฑ ุฌูุช ุฏุฑุณุช ุญุฑฺฉุช ู ฺฉูุฏ.",
35200,2025-04-13 06:55:28,-1001199808401,,,,"โุงู ุฎุจุฑ ูู ุงุฒ ูุฑุฒูุฏ ูุฒุฑ ุงุทูุงุนุงุช ุณุงุจู ูู ุฌุงูุจ ูุณุช.
ุณูุงุฑุช ุขูุฑฺฉุง ุฏุฑ ุฎุงุจุงู ุทุงููุงู ูุฑุงุฑ ุฏุงุฑู ฺฉู ุชุจุฏู ุจู ููุฒู ุดุฏู ุจูุฏ .",
35199,2025-04-13 06:54:25,-1001199808401,,,,"#ุชุชุฑ

โุฏุดุจ ุชุง 85 ูุฒุงุฑ ุชููุงู ูู ูุนุงููู ุดุฏ ...",35196
35198,2025-04-13 06:46:20,-1001199808401,,,,"โุงุณุชูุจุงู ุฎูุดุฑูฺฏ ุจุงุฒุงุฑ ุงุฒ ูุฐุงฺฉุฑุงุช ..

ุฎุฏุงุงุดฺฉุฑุช , ุจูุชุฑ ุงุฒ ุงู ููุดู , ุนุงูู , ุนุงูู, ุจูุธุฑู  .. ๐๐๐๐",
35196,2025-04-12 17:16:21,-1001199808401,,,,"#ุชุชุฑ

โ ุจุณุงุฑ ุนุงู ุนูู ฺฉุฑุฏ ...

โซ๏ธ ูุฑุฎ ุชุชุฑ: 92,700 ุชููุงู
ูููููููููููููููููููููููููููููููููููููููููููููููููููููููููููููููู
ุชุงุฑุฎ: 1404/01/23
ุณุงุนุช: 21:02",35179
35195,2025-04-12 16:52:34,-1001199808401,,,,"ูุฐุงฺฉุฑุงุช ุงุฑุงู ู ุขูุฑฺฉุง

๐นูุฒุงุฑุช ุฎุงุฑุฌู ุฌูููุฑ ุงุณูุงู:
ุทุฑู ูุง ููุงููุช ฺฉุฑุฏูุฏ ฺฉู ูุฐุงฺฉุฑุงุช ุฏุฑ ููุชู ุขูุฏู ุงุฏุงูู ูพุฏุง ฺฉูุฏ

๐นุฑุณ ูุฆุช ูุฐุงฺฉุฑู ฺฉููุฏู ุขูุฑฺฉุง: 
ฺฏูุชฺฏู ุจุณุงุฑ ูุซุจุช ู ุณุงุฒูุฏู ุจุง ุงุฑุงู ุฏุงุดุชู

ุฏูุงุฑ ูุฑุฏุง ุชูุฑุงู โณ 95,800 ูุฑูุด",
35194,2025-04-12 16:49:04,-1001199808401,,,,"#ุนุงุฑ 

โุจุฑุง ุฒูุณุชุงู ุตูุฏูู ูุง ุทูุง ุฏุงุดุชู ู ุฏุฑ  ุณูู ูพูู  ุฏุฑ ุฑูุฒูุง ฺฉู ุดุฏุฏุง ูุซุจุช ุจูุฏ ุดุฑูุน ุจู ูุฑูุฎุชู ฺฉุฑุฏู  ู ุฏููุง ุฏุฑ ููุงู ุฒูุงู ุชูุงูู ฺฉุงูุงููุง ุฏุฑ ุญุงู ุฏุงุฏู ุชุงุฑฺฏุช ูุง ูุฌูู ุจุฑุง ุฎุฑุฏ ุจูุฏูุฏ ู ูุฑ ูพูู ูุฑูุด ูู ุฏุฑ ฺฉุงูุงู ุงุนูุงู ฺฉุฑุฏู ... 

ุงุฒ ุณูู 24 ุฏุฑุตุฏ ุงุตูุงุญ ฺฉุฑุฏู ..",35082
35193,2025-04-12 16:11:15,-1001199808401,,,,"โูุฑูุงุฒ ูุตุญ ุฎุจุฑูฺฏุงุฑ ุงุฑุงู ูููุฑฺฉ ุชุงูุฒ:


 ููุงูุฏฺฏุงู ุงุฑุงู ู ุขูุฑฺฉุงุ ุฏุฑ ููุฑุฏ ฺุงุฑฺูุจ ู ุฌุฏูู ุฒูุงู ูุฐุงฺฉุฑุงุช ุจู ุชูุงูู ุฑุณุฏูุฏุ ุงู ูุดุงู ูโุฏูุฏ ฺฉู ุขูุฑฺฉุง ุฎูุงุณุชุงุฑ ุจุฑฺุฏู ุดุฏู ฺฉุงูู ุจุฑูุงูู ูุณุชูโุง ุงุฑุงู ูุจูุฏู ุงุณุช.",
35191,2025-04-12 15:26:15,-1001199808401,,,,"ุชุฑุงููพ: 

ูู ุจุณุงุฑ ุนุตุจุงู ุงู ฺฉู ฺุฑุง ุฎูุฏู ุฎุจุฑ ุงุฒ ุฑููุฏ ูุฐุงฺฉุฑุงุช ูุฏุงุฑู ุงูุง ฺฉุงูุงูโูุง ุชูฺฏุฑุงู ุงุฑุงู ุฒูุฏุชุฑ ุงุฒ ุงุฎุจุงุฑ ูุฐุงฺฉุฑู ุจุง ุฎุจุฑู!๐",
35190,2025-04-12 15:25:27,-1001199808401,,,,"ูุดุงูุฑ ูุชฺฉุงู:

ุงูุฑูุฒ ูพูุฌุฑู ุฌุฏุฏ ุฏุฑ ุฑุงุจุทู ุงุฑุงู ู ุขูุฑฺฉุง ุจุงุฒ ุดุฏ",
35188,2025-04-12 14:24:20,-1001199808401,,,,"ูุฒุงุฑุช ุฎุงุฑุฌู:

๐นูุฐุงฺฉุฑุงุช ุจุง ุขูุฑฺฉุง ุฏุฑ ูุถุง ุณุงุฒูุฏู ู ูุจุชู ุจุฑ ุงุญุชุฑุงู ูุชูุงุจู ุจุฑฺฏุฒุงุฑ ุดุฏ 

๐น ุชูุงูู ุดุฏ ฺฏูุชฺฏููุง ููุชู ุขูุฏู ุงุฏุงูู ุงุจุฏ. | ุงูุชุฎุงุจ",
35187,2025-04-12 11:25:38,-1001199808401,,,,"ูุฑุฎ ุฎูุฑุงฺฉ ฺฏุงุฒ ูพุชุฑูุดู ูุง ุจู ฑด ูุฒุงุฑ ุชููุงู ุฑุณุฏ

๐นูุฑุฎ โง ุฎูุฑุงฺฉ ฺฏุงุฒโฉ ูพุชุฑูุดู ูุง ุจู ฒดุณูุช ุง ูุนุงุฏู ฑดูุฒุงุฑ ุชููุงู ุฑุณุฏุ ุงูุฒุงุด ุจูุง ูุฑุฎ ุฎูุฑุงฺฉ ูพุชุฑูุดูโฉ ูุง ุงุจูุงุบ ุดุฏู ุงุณุช!

๐นโุจูุธุฑ ู ุฑุณุฏ ุงู ุงูุฒุงุด ูุญุดุชูุงฺฉ ุงุนูุงู ุดุฏู ุฏุฑ ููุช ฺฏุงุฒุ ุตูุนุช ูพุชุฑูุดู ุจู ูฺู ูุชุงููู ุณุงุฒุงู ฺฉู ธตุฏุฑุตุฏ ุงุฒ ูุฒูู ูุง ุขููุง ูุฑุจูุท ุจู ุฎูุฑุงฺฉ ู ุณูุฎุช ุงุณุช ุฑุง ูุงุฑุฏ ุจุญุฑุงู ุฎูุงูุฏ ฺฉุฑุฏ. โุฏุฑ ุญุงู ุญุงุถุฑ ููุช ฺฏุงุฒ ุฏุฑ ฺฉุงูุงุฏุง ดุณูุชุ ุขูุฑฺฉุง ู ุญูุฒู ุฎูุฌ ูุงุฑุณ ฑฒุณูุช ู ุงุฑุงู ฒดุณูุช ุงุณุช!!!/ ููุช ูุง",
35186,2025-04-12 10:13:52,-1001199808401,,,,โุฑุณุงูู ูุง ุงูุฑฺฉุง : ูุฏู ูุฐุงฺฉุฑุงุช ุฎุงุฑุฌ ฺฉุฑุฏู ุงูุญุตุงุฑ ุงุฑุงู ุจู ฺูู . ุงูุฑฺฉุง ูุฎูุงุฏ ุจุงุฒุงุฑ ุงุฑุงู ุฑู ุฏุณุช ุจฺฏุฑู,
35185,2025-04-12 09:44:57,-1001199808401,,,,"ฺฏุฒุงุฑุด ูุญุธู ุง ุฎุงูุต ูุฑูุฏ ู ุฎุฑูุฌ ูพูู ุฏุฑ ุตูุฏูู ูุง ุทูุง 

โ5 ุตูุฏูู ุจุง ุจุดุชุฑู ุฎุฑูุฌ ูพูู :
#ุนุงุฑ : 132- ููุงุฑุฏ ุชููุงู
#ุขูุชูู : 22- ููุงุฑุฏ ุชููุงู
#ฺฏููุฑ : 22- ููุงุฑุฏ ุชููุงู
#ฺฏูุฌ : 17- ููุงุฑุฏ ุชููุงู
#ูุซูุงู : 13- ููุงุฑุฏ ุชููุงู

๐ ุชูุงู ุตูุฏูู ูุง ุทูุง ุฎุฑูุฌ ูพูู ุงุดุฎุงุต ุญูู ุฑุง ุฏุงุฑูุฏ",
35184,2025-04-12 09:41:14,-1001199808401,,,,"โช๏ธุนุฑุงูฺ: 

ุชุฑุชุจุงุช ฺฏูุชโโูฺฏู ูุณุชูู ุขุบุงุฒ ุฎูุงูุฏ ุดุฏ!",
35183,2025-04-12 08:34:38,-1001199808401,,,,โุจุง ูุฌูุฏ ุดฺฉุณุช ุณูู ุฏุฑ ุทูุง ุฌูุงู ุตูุฏูู ูุง ุทูุง ุงูุฑูุฒ ููู ุจุงุฒฺฏุดุง ุดุฏูุฏ ..,
35182,2025-04-12 08:04:37,-1001199808401,,,,โุชุฑุงููพ ูุฌูุฒ ูพูุดุด ุฎุจุฑ ูุฐุงฺฉุฑุงุช ุฑู ุจู ุชูุงู ุฑุณุงูู ูุง ุฌูุงู ุตุงุฏุฑ ฺฉุฑุฏ ู ฺฏูุช ูฺ ูพููุงู ฺฉุงุฑ ูุจุงุฏ ุจุงุดุฏ..,
35181,2025-04-12 07:49:54,-1001199808401,,,,"#ูุจููุช 

ุฑุดุฏ 20 ุฏุฑุตุฏ ุจุง ุณุฑุนุช ุฎูุจ ..",35122
35180,2025-04-12 07:26:19,-1001199808401,,,,,35148
35179,2025-04-12 07:26:19,-1001199808401,,,,"โ#ุชุชุฑ 

โฺุงุฑุช ูุฑุฎ ุชุชุฑ ุฑุง ุจุง ุญุฑฺฉุช ุงุญุชูุงู ุฏุฑ ฺฉุงูุงู ูุฑุงุฑ ุฏุงุฏู ุจูุฏู ฺฉู ูุจูู ุจุง ูุงฺฉูุด ุจุณุงุฑ ุฏูู ุจู ููุทูู  ููุงููุช ุชุนู ุดุฏู ุฏูุจุงุฑู ฺฉู ุฒุฑ 98800 ุชุดฺฉูู ุฏุงุฏ ู ูุนูุง ุฑุฒุด 10 ูุฒุงุฑ ุชููุงู ุงุฒ ุณูู ุฏุงุดุชู ุงุณุช ..",35148
35178,2025-04-12 07:16:12,-1001199808401,,,,โุณูุงู ุจุงูฺฉ ู ูุฑุฎ ุฏูุงุฑ ูุนูุง ุจู ูพุดูุงุฒ ููููุช ุขูุฒ ุจูุฏู ูุฐุงฺฉุฑุงุช ุฑูุชู ุงูุฏ ..,
35177,2025-04-11 14:47:14,-1001199808401,,,,"โฺุฑุง ุงู ุจุงุฑ ูุฐุงฺฉุฑู ูููู ุงุณุช

ุฏุงููู ฺฉุฑู ูพูุฑ

ุจู ุงุบูุจ ุงุญุชูุงู ูุฐุงฺฉุฑู ุงุฑุงู-ุงูุฑฺฉุง ุงู ุจุงุฑ ูููู ุงุณุช. ฺุฑุงุ!

ฑ- ูุฏุฑุงุชู ุฑูุณู ุจุง ุขู ููุฑุงู ุงุณุชุ ุณูู ุงุณุช ฺฉู ุฌูููุฑโุงุณูุงู ุฑุง ุชูุฏุฏ ฺฉุฑุฏู ฺฉู ุฏุฑ ุตูุฑุช ุญููู ุขูุฑฺฉุง ูฺ ฺฉูฺฉ ุจู ุชูุฑุงู ูุฎูุงูุฏ ฺฉุฑุฏุ

ฒ- ุชุฑุงููพ ุณุฎุช ุฏุฑฺฏุฑ ฺู ุงุณุช. ุฏุฑ ุงู ฺฉุดุงฺฉุด ฺฏุฑุงุด ุฌูููุฑโุงุณูุงู ุจู ูุงุดูฺฏุชู ูุถุง ูพุฑ ุบุฑูุฑ ุชุงุฑุฎ ู ุดฺฉููููุฏ ุจุฑุง ุชุฑุงููพ ุงุฌุงุฏ ุฎูุงูุฏ ฺฉุฑุฏุ

ณ- ฺฉุงุฎ ุณูุฏ ุฏุฑ ูพ ฺฉุงุณุชู ุงุฒ ุงุตุทฺฉุงฺฉุงุชย ุฎุงูุฑูุงูู ู ุชูุฑฺฉุฒ ุจุฑ ฺู ู ุฏุฑ ูููู ุจุนุฏ ุงฺฉุฑุงูุ ุงุฑููพุง ู ุชุนุฑูู ูุง ุงุณุชุ

ด- ุจุง ฺุฑุงุบ ุณุจุฒ ุฌูููุฑ ุงุณูุงูุ ฺฉููพุงู ูุง ุขูุฑฺฉุง ุจูุชุฑู ุจุณุชุฑ ุณุฑูุงูโฺฏุฐุงุฑ ุฑุง ุฏุฑ ุงุฑุงู ุจู ุฏุณุช ุฎูุงููุฏ ุขูุฑุฏ. ูุฑุตุช ูุง ุขูุฑฺฉุง ุฏุฑ ุงุฑุงู ุจู ุฑุงุญุช ุชุฑููู ุฏูุงุฑ ุฎูุงูุฏ ุจูุฏ.

ฺฉูุชุงู ุขู ฺฉู ุจุง ููุณู ุดุฏู ฺฉุฑููู-ฺฉุงุฎ ุณูุฏุ ุจุนุฏ ุงุณุช ูุฐุงฺฉุฑุงุช ุนูุงู ุจ ูุชุฌู ุฑูุง ุดูุฏ. ุจูฺฉู ููฺฉู ุงุณุช ูุฐุงฺฉุฑุงุช ุทุฑูู ุฏุฑ ูุฏุช ฺฉูุชุงูย ุชุง ุจุงุฒฺฏุดุง ููุงูุฏฺฏ ูุง ุฏุฑ ุชูุฑุงู ู ูุงุดูฺฏุชู ูพุด ุฑูุฏ.",
35176,2025-04-11 11:25:34,-1001199808401,,,,"ุชุฎุชโุฑูุงูฺ: 
ุจุฏูู ุชูุฏุฏ ู ุงุฑุนุงุจุ ุงูฺฉุงู ุฎูุจ ุจุฑุง ุฏุณุชุงุจ ุจู ุชูุงูู ูุฌูุฏ ุฏุงุฑุฏ",
35175,2025-04-11 11:18:39,-1001199808401,,,,"#XAU
#USD

โูุณุฑ ุจููุฏ ูุฏุช ุทูุง ุฌูุงู ฺฉู ุจูุธุฑ ุญุงูุง ุญุงูุง ุจุฑ ูุฏุงุฑ ุตุนูุฏ ุจุงุดุฏ.",
35174,2025-04-11 11:05:26,-1001199808401,,,,"#XAU
#ุทูุง

โุทูุง ุฌูุงู ุชุง ุฒูุงูฺฉู ุจุงูุง ุงุจุฑ ุณุจุฒ ุฑูฺฏ ฺฉููู ูุณุช ุงุตูุงุญ ุนูู ุจุฑุงุด ููุจูู.. 

ุชุงุฑฺฏุช 3162 ุชุงฺ ุดุฏ ู ุงุตูุงุญ ุฌุฒ ุชุง ุฒุฑ 3000 ุฏูุงุฑ ุงูุฌุงู ุฏุงุฏ ู ุจุณูุช ุชุงุฑฺฏุช ุจุนุฏ ุฏุฑ ุญุงู ุญุฑฺฉุช ูุณุช..",35128
35173,2025-04-11 10:57:11,-1001199808401,,,,"#ููุณู 

ุญุงูู ุงู ุชุญุจ ุฃุญุฒุงููุ
 ูุนููุง ุชุฑุญู ููุง ุฑุญู ูู ุดู ุฃุญุจุจุชู.ยป

ุชูุงุด ฺฉู ุงูุฏููุช ุฑุง ุฏูุณุช ุจุฏุงุฑุ
 ุดุงุฏ ุจุฑูุฏ.
 ุจูโุฑุณู ุชูุงู ฺุฒูุง ฺฉู ุฏูุณุช ุฏุงุดุช ู ุฑูุชูุฏ.",
35172,2025-04-10 23:27:28,-1001199808401,,,,"ุฌุณูู ุฏุฑ ุงููุฌุง
ููุจู ุฏุฑ ุขูุฌุง
ุฎูุงูู ุจุณูุงุฑ ุฏูุฑ..!

#ูุญููุฏ_ุฏุฑููุด
#ุดุจ_ุฎูุด๐ฆ",
35171,2025-04-10 12:43:10,-1001199808401,,,,"#ููุณู 

ุฏูู ู ุฎูุงูุฏ ...
ุฎูุฏู ุฑุง ุงุฒ ุชูู ุฏุฑ ุจุงูุฑู!
ุจุดูุฑู 
ุจฺูุงูู
ู ุฑู ุทูุงุจ ุญุงุทูุงู ูพูู ฺฉูู
ูุฑุฏุง ุจุงู ู ุจุจูู ฺฉู ูุฑุง 
ุจุงุฏ ุจุง ุฎูุฏ ุจุฑุฏู ุงุณุช!


#ุดุฑฺฉูโุจฺฉุณ",
35170,2025-04-10 06:42:44,-1001199808401,,,,"ููุชุฌุจ ูุง : 
ูุณุฆููุงู ูุง ุงุฒ ูุฐุงฺฉุฑู ูุณุชูู ุจุงุจุช ุงูฺฉู ุจฺฏููุฏ ูพุง ูุฒ ููุงูุงุช ุขูุฑฺฉุง ูุดุณุชูุฏุ ุงุจุง ุฏุงุฑูุฏ

๐ธุฑุณูู ููุชุฌุจ ูุง ฺฏูุช: ุจู ูุฑ ุฏูู ูุณุฆููุงู ูุง ุงุฒ ูุฐุงฺฉุฑู ูุณุชูู ุงูฺฉู ุจฺฏููุฏ ูพุง ูุฒ ููุงูุงุช ุขูุฑฺฉุง ูุดุณุชูุฏุ ุงุจุง ุฏุงุฑูุฏ. ุงู ฺฉุงุฑ ุจู ูุธุฑ ูู ุตุญุญ ูุณุชุ ููุช ุงุตู ูุฐุงฺฉุฑู ุฑุง ูพุฐุฑูุชู ู ูุงุฒู ุฏุงูุณุชู ุงูุ ฺุฑุง ุงุฒ ูุฐุงฺฉุฑู ูุณุชูู ุดุงูู ุฎุงู ฺฉุฑุฏู ุง ูพุง ูุณุงุทุช ฺฉ ฺฉุดูุฑ ุจุฒุฑฺฏ ุง ฺฉูฺฺฉ ุฏฺฏุฑ ุฏุฑ ูุงู ุจุงุดุฏุ",
35169,2025-04-09 17:33:06,-1001199808401,,,,"โญ๏ธ ุชุฑุงููพ ุฏุฑ ุดุจฺฉู ุชุฑูุซ ุงุนูุงู ฺฉุฑุฏ 
ุจุฑุง 90 ุฑูุฒ ุงุฌุฑุง ุชุนุฑูู ูุง ุฑู ูุชููู ุฎูุงูุฏ ฺฉุฑุฏ.",
35168,2025-04-09 12:29:41,-1001199808401,,,,"ุดุจฺฉู ุงูู: ุณู ููุน ูุฐุงฺฉุฑู ุบุฑูุณุชูู ุฏุงุฑู. ูุชู ุจู ูุชูุ ุงุชุงู ุจู ุงุชุงูุ ูุฒ ณ ููุฑู.

โุจุจุฎุดุฏ ูุง ฺูู ุฎู ุฏูพููุงุณ ุจูุฏ ูุณุชู ููพุฑุณู , ุชุฎุช ุจู ุชุฎุช ูุฏุงุฑู !

ููู ฺฉู ูุดุงูุฏู ููุฑูุงุฏ ุงุณูพูโุขู ุณุฑุงู ุดุจ ูุง ุจุฑุจุฑู ุจู ฺฉุงุฑฺฏุฑุฏุงู ููุฑุงู ูุงูุฏุฑ  ูุณุช .. ๐

ุงูุตุงูุง ูุงุฑู ฺฏุฑูุชุฏ ุง ูุงุฑูููฺฉ ุฑู !",
35167,2025-04-09 11:55:04,-1001199808401,,,,"#ููุณู 

โฺฉ ุฑูุฒ ฺฉู ุงุฒ ูููโฺุฒ ุฏุณุช ฺฉุดุฏู
ุชุง ุจุฑุง ุชู ุฎุงููโุง ุจุงุดูุ
ูพุดุช ุฏุฑ ูุงูุฏู.
ููุจ ุงฺฏุฑ ุฏุงุดุชุ ุจุฑุง ุงู ุฌููู
ุณุงุนุชโูุง ฺฏุฑู ูโฺฉุฑุฏ...

#ุขฺฉูุช_ุงูุฒุฌุงู",
35166,2025-04-09 11:51:38,-1001199808401,,,,"ูพุฒุดฺฉุงู:

๐น ุฑูุจุฑ ุชุฃฺฉุฏ ูุฑููุฏูโุงูุฏ ฺฉู ูฺ ูุฎุงููุช ุจุง ุณุฑูุงูโฺฏุฐุงุฑ ุณุฑูุงูโฺฏุฐุงุฑุงู ุขูุฑฺฉุง ุฏุฑ ุงุฑุงู ูุฌูุฏ ูุฏุงุฑุฏ

๐น ูพุฒุดฺฉุงู ุงูุฒูุฏ: ูู ูุฑ ููุชู ุจุงุฑูุง ู ุจุงุฑูุง ุฎุฏูุช ููุงู ูุนุธู ุฑูุจุฑ ูุณุชู ุงุดุงู ุจุง ุณุฑูุงูโฺฏุฐุงุฑ ุขูุฑฺฉุง ุฏุฑ ฺฉุดูุฑ ูฺโฺฏููู ูุฎุงููุช ูุฏุงุฑูุฏุ ุณุฑูุงูโฺฏุฐุงุฑ ุจุงุฏ ู ุณุฑูุงูโฺฏุฐุงุฑ ฺฉูุฏ.",
35165,2025-04-09 11:46:06,-1001199808401,,,,"โูฺฏูู ุณูุงู ูุง ุฑุง ุจู ูุฒุฏฺฉุงู ุฎูุฏ ุงุจูุงุบ ุจูุฑูุงุฏ ู ุจฺฏูุฏ ฺฉ ฺฉุชุงู ุฑุง .. 

ุฎูุจ ูุฑุฏฺฉ ุงู ุงุชูุงู ุจุงุฏ 45 ุณุงู ูพุด ู ุงูุชุงุฏ ... ูู , ุฏุฑ ุฒูุงู ุงูุถุง ุจุฑุฌุงู ุฏุฑ ุฏููุช ุฑูุญุงู ฺฉู ุฏูุงุฑ 10 ูุฒุงุฑ ุชููุงู ุจูุฏ ุจุงุฏ ุนูู ูุดุฏ , ฺฏุฐุงุดุชุฏ ูุฑุฏู ุจู ููุงฺฉุช ุงูุชุงุฏูุฏ ุงูุงู ูฺฏุฏ ูุฎูุงูู ูพุฑูฺู ุชุนุฑู ฺฉูู ..",
35164,2025-04-09 11:42:32,-1001199808401,,,,"ูพุฒุดฺฉุงู:

ูุง ุจูโุตุฑุงุญุช ุงุนูุงู ฺฉุฑุฏูโุงู ู ููุงู ูุนุธู ุฑูุจุฑ ูุฒ ุจุงุฑูุง ุชุฃฺฉุฏ ูุฑููุฏูโุงูุฏ ฺฉู ูฺ ูุฎุงููุช ุจุง ุณุฑูุงูโฺฏุฐุงุฑ ูุดุฑูุน ุญุช ุงุฒ ุณู ุณุฑูุงูโฺฏุฐุงุฑุงู ุขูุฑฺฉุง ุฏุฑ ฺฉุดูุฑ ูุฌูุฏ ูุฏุงุฑุฏ.

ูุง ุบุฑูุณุชูู ู ุจุง ุนุฒุช ู ุณุฑุจููุฏ ฺฏูุชโูฺฏู ูโฺฉูู ู ูุฑ ุถูุงูุช ูุงุฒู ุจุงุดุฏ ฺฉู ุจูโุฏูุจุงู ุจูุจ ูุณุชูโุง ูุณุชู ูโุฏููุ ุงุฒ ุฏุณุชุงูุฑุฏูุง ุฎูุฏ ฺฉูุชุงู ููโุขู.

โช๏ธููุธูุฑ ุงุฒ ูุฑ ุถูุงูุช ุนู ูุฑ ฺ ุจุฎูุงููุฏ ูุง ู ุฏูู .. ุงูุดุงููู ฺฉู ุทุฑู ุขูุฑฺฉุง ฺุฒูุง ุบุฑุงุฎูุงู ูุฎูุงูุฏ!๐",
35163,2025-04-09 11:37:45,-1001199808401,,,,"โฺฏุฒุงุฑุด ูุญุธู ุง ุณุฑุงูู ุฎุฑุฏ ู ูุฑูุด ุฏุฑ ุตูุฏูู ูุง ุทูุง 

๐ฉ 5 ุตูุฏูู ุจุง ุจุดุชุฑู ุณุฑุงูู ุฎุฑุฏ :
#ุทูุง : 93 ูููู ุชููุงู
#ุนุงุฑ : 88 ูููู ุชููุงู
#ูุซูุงู : 56 ูููู ุชููุงู
#ูุงุจ : 55 ูููู ุชููุงู
#ฺฉูุฑุจุง : 53 ูููู ุชููุงู

๐ฅ 5 ุตูุฏูู ุจุง ุจุดุชุฑู ุณุฑุงูู ูุฑูุด :
#ุทูุง : 197 ูููู ุชููุงู
#ุนุงุฑ : 192 ูููู ุชููุงู
#ฺฏููุฑ : 156 ูููู ุชููุงู
#ุฏุฑุฎุดุงู : 133 ูููู ุชููุงู
#ุฒุฑ : 116 ูููู ุชููุงู

๐ ุณุฑุงูู ูุง ูุฑูุด ุงุฒ ุณุฑุงูู ูุง ุฎุฑุฏ ุจุดุชุฑ ุงุณุช.",
35162,2025-04-09 11:03:26,-1001199808401,,,,"โฆ๏ธุฎุจุฑ ููู ุจุฑุง ฺฏุฑูู ุฒุฑุงุนุช ู ูุจูุงุช

  ููุช ูุฑ ฺฉูู ฺฏุฑู ุดุฑ ุฎุงู ุฏุฑุจ ุฏุงูุฏุงุฑ ุจุง ฺุฑุจ 3/2 ุฏุฑุตุฏ ุงุฒ ูุจูุบ 180.000 ุฑุงู ุจูุฏ ุจู ูุจูุบ  264.026 ุฑูุงู ุงูุฒุงุด ุงูุช.",
35161,2025-04-09 07:30:36,-1001199808401,,,,"โุจุงุฒุงุฑ ุงูุฑูุฒ ูู ุชุญุช ุชุงุซุฑ ุงูุชุธุงุฑ ุจุฑุง ูุฐุงฺฉุฑุงุช , ุจุงุฒุงุฑ ูุญุชุงุท ูุณุช ู ุณูุงูุฏุงุฑุงู ููุชุธุฑ ูุชุฌู  ุฑููุฏ ูุฐุงฺฉุฑุงุช ูุณุชูุฏ .. ุงูุจุชู ูุนูุง ุงุฎุจุงุฑ ูุซุจุช ุจู ฺฏูุด ู ุฑุณุฏ ..",
35160,2025-04-08 09:34:59,-1001199808401,,,,"ุฏูุงุฑ ููููููุฏ ุชูุฑุงู ๐ต 99,500 ูุฑูุด

ูพุณ ุงุฒ ุญุฑู ุชุฑุงููพ ุฏุฑุจุงุฑู ูุฐุงฺฉุฑู ูุณุชูู ุฏุฑ ุณุทูุญ ุจุงูุง ุจุง ุงุฑุงูุ ููุช ุฏูุงุฑ ุจุงุฒุงุฑ ุขุฒุงุฏ ุงุฒ 105 ุจู 98 ูุฒุงุฑ ุชููุงู ุฑุณุฏ.

ุฏุฏุฏ ฺฉู ูุฑุฎ ุฏูุงุฑ ุฎู ุฑุจุท ุจู ุงุณุชุถุงุญ ููุช ู... ูุฏุงุฑู. ููุช ุฏูุงุฑ ููุท ุจุณุชู ุจู ุณุงู ุชุญุฑู ู ุฌูฺฏ ุจุงูุง ูพุงู ูุดู.",
35159,2025-04-08 09:28:49,-1001199808401,,,,"โฺูุฑู ูุชุนุฌุจ ู ูุบููู ูุชุงูุงูู ูพุณ ุงุฒ ุงูฺฉู ุชุฑุงููพ ฺฏูุช ยซุฏุฑ ุญุงู ูุฐุงฺฉุฑู ุจุง ุงุฑุงู ูุณุชูยปุ ุณูฺู ฺฉุงุฑุจุฑุงู ุดุจฺฉูโูุง ุงุฌุชูุงุน ุดุฏ.

ุชููุฒูู ุงุณุฑุงุฆู: ุฏุฏุงุฑ ูุชุงููุงูู ุงุฒ ูุงุดูฺฏุชู ุจุตูุฑุช ูุงฺฏูุงู ู ุดฺฉโุจุฑุงูฺฏุฒ ูพุงุงู ุงูุช

 ุชุงููุฒ ุขู ุงุณุฑุงุฆูู: ุฏุฏุงุฑ ูุชุงููุงูู ุงุฒ ฺฉุงุฎ ุณูุฏ ุจู ุนูุช ุงุนูุงู ุฎุจุฑ ูุฐุงฺฉุฑู ูุณุชูู ุขูุฑฺฉุง ู ุงุฑุงูุ ูุงุงูุฏ ฺฉููุฏู ุจูุฏ.

ุงุณุฑุงุฆูู ูููู ุจูโูููโุงุฒ ููุงุจุน ุณุงุณ: ุงุณุฑุงุฆูู ุงุฒ ุชูุงูู ุชุฑุงููพ ู ุงุฑุงู ุจุฑุง ูุฐุงฺฉุฑุงุชุ ุงุฒ ูุจู ุขฺฏุงู ูุจูุฏ.",
35158,2025-04-08 09:28:06,-1001199808401,,,,"ุนู ูุทูุฑ: โ
ุงฺฉุซุฑ ูุฑุฏู ุงุฑุงู ุฎูุงูุงู ุชูุงูู ุจู ุงุฑุงู ู ุขูุฑฺฉุง ูุณุชูุฏ/ ูุฎุงููุงู ููโุชูุงููุฏ ูุงูุนโุชุฑุงุด ฺฉููุฏ",
35157,2025-04-08 09:11:34,-1001199808401,,,,โช๏ธุจุงุฒฺฏุดุง ุณููพุฑ ููู 10 ู ุตู ูุฑูุด ุตูุฏูู ูุง ุทูุง..๐,35094
35156,2025-04-08 08:25:21,-1001199808401,,,,"โ#ุทูุง 

ูุถุนุชุงู ฺูููููุณุช .. ุ!๐๐ค",
35155,2025-04-08 08:25:14,-1001199808401,,,,"#ุทูุง_18_ุนุงุฑ

โุงฺฏุฑ ุฏู ูุงฺฉุชูุฑ ุฐฺฉุฑ ุดุฏู ุทุจู ูพุด ุจู ูุง ุนูู ฺฉููุฏ ุงูุชุธุงุฑ ุฏุงุฑู ุทูุง ฺฏุฑู ุฏุฑ ุจุงุฒุงุฑ ุจู ููุทูู  ุญูุงุช ุฏุฑุฌ ุดุฏู ุฏุฑ ฺุงุฑุช ุจุฑุณุฏ ..",
35154,2025-04-08 07:34:26,-1001199808401,,,,"#ููุณู 

ุจูุงุฑ ุฑุง ุฏูุจุงู ูโูููุ
ุจู ุฏุณุชโูุง ุชู ูโุฑุณู.

#ุดูุณ_ููฺฏุฑูุฏ",
35153,2025-04-08 07:27:01,-1001199808401,,,,"ุญุณู ููุณูุงู:

ุจู ูุธุฑ ูโุฑุณุฏ ุดูุจู ุฏุฑ ุนูุงู ุงุจุชุฏุง ุนุฑุงูฺ ู ูุชฺฉุงูุ ูุฐุงฺฉุฑู ุบุฑูุณุชูู ุขุบุงุฒ ุฎูุงููุฏ ฺฉุฑุฏ ู ุจุนุฏ ุงุฒ ฺฉ ุฏูุณุงุนุช ู ุฏุฑ ุตูุฑุช ูุซุจุช ุจูุฏูุ ฺฏูุชโูโฺฏูโูุง ูุณุชูู ุฑุง ุงูุฌุงู ูโุฏููุฏ..

โุนู ู ุบูุท ฺฉุฑุฏู ูุซู ุฎุฑ ูููุฏู ุชููุด .. ุขุฎู ุชู ุงูู ุฏู ุณุงุนุช ฺู ุงุชูุงู ูุฑุงุฑู ุจุงูุชู ฺฉู ุชู ุงู 45 ุณุงู ูุงูุชุงุฏู ู ูู ุบุฑ ูุณุชูู ุฑุง ุจู ูุณุชูู ุชุจุฏู ูฺฉูู !

ุจูุธุฑู ููุท ฺฉ ูุฑุต ฺฉู ุจุง V ุดุฑูุน ูุดู ูุชูุงูุฏ ุบุฑูุณุชูู ุฑุง ุฏุฑ 2 ุณุงุนุช ุจู ูุณุชูู ุชุจุฏู ฺฉูุฏ ๐

ุฎูุจ ูุฑุฏ ุญุณุงุจ , ูุซู ุงูุณุงู ุจุฑู ุจุดู 2 ุชุง ุจุฏู 2 ุชุง ุจฺฏุฑ ู ุจุญุซ ุจููุฏู  45 ุณุงูู ุฑู ุจุจูุฏ ุจุง ุจุฑูู ุจู ููู ุฑุงุญุช ..",
35152,2025-04-08 06:54:00,-1001199808401,,,,"ุงุธูุงุฑุงุช ุชุฑุงููพ ุฏูู ูู ุฏุฑ ุฑุงุจุทู ูุฐุงฺฉุฑุงุช ุจุง ุงุฑุงู. (ุฒุฑููุณ ูุงุฑุณ).๐


ูพ.ู: ุณูุฑ ูุชุงูุงูู ุจู ูุงุดูฺฏุชู ุจุง ุงุตุฑุงุฑ ู ูุดุงุฑ ฺฉุงุฎ ุณูุฏ ุตูุฑุช ฺฏุฑูุชู ฺฉู ุญุงู ูฺฉุงุช ููู ูุณุชุด.",
35151,2025-04-08 05:45:42,-1001199808401,,,,โ ุจุงุฒุงุฑ ุจู ุงูุฏ ุชูุงูู ฺฉุฏุณุช ุณุจุฒ ..,
35150,2025-04-08 04:13:58,-1001199808401,,,,"ุชุฑุงููพ ุฏุฑ ุฏุฏุงุฑ ุจุง ูุชุงูุงูู:

โช๏ธูุง ุฏุฑ ุญุงู ุงูุฌุงู ูุฐุงฺฉุฑุงุช ูุณุชูู ุจุง ุงุฑุงู ูุณุชู ู ุงู ูุฐุงฺฉุฑุงุช ุขุบุงุฒ ุดุฏูโุงูุฏ! ู ุฏุฑ ุฑูุฒ ุดูุจู ุงุฏุงูู ุฎูุงูุฏ ุงูุช.

โุฑุณุฏู ุจู ุชูุงูู ุจุง ุงุฑุงู ุงูููุช ููุฑุฏ ูุธุฑ ูุง ุงุณุชุ ุงูุฏูุงุฑู ูุฐุงฺฉุฑุงุช ุจุง ุงุฑุงู ูููู ุจุงุดุฏ ุชุง ุงุฒ ุฏุณุชุงุจ ุขููุง ุจู ุณูุงุญ ูุณุชูโุง ุฌููฺฏุฑ ุดูุฏ.

โูุง ุฏุฑ ุญุงู ุงูุฌุงู ูุฐุงฺฉุฑุงุช ุจุง ุงุฑุงู ูุณุชู ู ุงูุฏูุงุฑู ฺฉู ุงู ูุฐุงฺฉุฑุงุช ููููุชโุขูุฒ ุจุงุดุฏ ฺูู ุงู ุฏุฑ ุฑุงุณุชุง ููุงูุน ุขูโูุง ุฎูุงูุฏ ุจูุฏ.",
35149,2025-04-08 04:13:29,-1001199808401,,,,"ุจู ููู ุงุฒ Axios :

๐ป ุนุฑุงูฺ ูุฏุงุช ูุฆุช ุงุฑุงู ุฑุง ุจุฑ ุนูุฏู ุฎูุงูุฏ ุฏุงุดุช ู ูุชฺฉุงู ููุงูุฏู ุขูุฑฺฉุง ุฏุฑ ูุฐุงฺฉุฑุงุช ุฑูุฒ ุดูุจู ุฏุฑ ุนูุงู ุฎูุงูุฏ ุจูุฏ.",
35148,2025-04-08 04:11:58,-1001199808401,,,,"#ุชุชุฑ

โุฑุฒุด ุดุจุงูู  ุชุชุฑ ุงุฒ ููุทูู  107000 ุชุง 99000 ุฏุฑ ุดุจ ฺฏุฐุดุชู .. ุฏุฑ ุตูุฑุชฺฉู ุงุฎุจุงุฑ ุจุดุชุฑ ุงุฒ ูุฐุงฺฉุฑุงุช ูุฎุงุจุฑู ุดูุฏ ูุชูุงูุฏ ุทุจู ฺุงุฑุช ุฑูุชุงุฑ ููุงุฏ ..",
35147,2025-04-07 11:29:05,-1001199808401,,,,"โ ูุงุฑู ุจุงูุช ุงูุฌุง ุจู ฺฉู ุฏูุง ุณฺฏูุงู ูุฑูุด ุฏุงุฏู ุจูุฏุงุงุงุง , ุงูุง ููู ูุณุช ฺุฑุช ู ูพุฑุช ฺฏูุชู ูุง ุชุฑุงููพ ุฏุฑ ููุฑุฏ ุฑููู ุจุงุฒุงุฑูุง ูุงู ุจูุฏูุฏ ุฌุฏ ูฺฏุฑูุชูุฏ ..",33865
35146,2025-04-07 11:23:59,-1001199808401,,,,"ุจุงุฒุงุฑูุง ุขุณุง ฺูุฏุณุงุนุช ูพุด ุจุงุฒ ุดุฏูุฏ.
 ุจูุฑุณ ฺุงูพู ุจุฎุงุทุฑ ุฑุฒุด ุฒุงุฏ ุชุนุทู ุดุฏ.
 ุจูุฑุณ ฺู ุจุฏุชุฑู ุฑุฒุด ุฎูุฏุด ุฑู ุงุฒ ุฒูุงู ุจุญุฑุงู ูุงู ฒฐฐธ ุชุฌุฑุจู ฺฉุฑุฏ.
 ุจูุฑุณ ุชุงูุงู 10% ุฑุฎุช!

ุนู ุงู ูุฑุฏฺฉ ฺฉูู ููุฌ ู ุชูู ุชุฑ ุฒุฏู ุจู ฺฉู ุจุงุฒุงุฑูุง ูุงู ุฏูุง .. ๐",
35145,2025-04-07 11:17:44,-1001199808401,,,,โุฏุฑูุฒ ุจูุฑุณ ุนุฑุจุณุชุงู ุญุฏูุฏ ฑตฐ ููุงุฑุฏ ุฏูุงุฑ ุงุฑุฒุด ุฎูุฏุด ุฑู ุงุฒ ุฏุณุช ุฏุงุฏู. ฺฉู ุงุฑุฒุด ุจุงุฒุงุฑ ุงุฑุงู นต ููุงุฑุฏ ุฏูุงุฑู. ุฏูุช ฺฉุฑุฏุฏุ ุฒุงู ุฏุฑูุฒ ุจุงุฒุงุฑ ุนุฑุจุณุชุงู ุฑู ููุงุณู ฺฉูุฏ ุจุง ุงุฑุฒุด ฺฉู ุจุงุฒุงุฑ ุงุฑุงู ุจุนุฏ ุงููุง ฺฏุงู ุดุฑุฏู ูุณุชูุฏ ู ูุง ฺฏุฑฺฏ ูุงู ุงุณุชุฑุช ..,
35144,2025-04-07 09:35:08,-1001199808401,,,,"#ููุณู 

ูุฑุง ุงฺฏุฑ ุฌุง ฺฏู ฺฉุฑุฏุ
ุฌุง ุฏฺฏุฑ ุจุฌู.
ุฌุง ุงุณุชุงุฏู ุงูุ
ุจู ุงูุชุธุงุฑ ุชู.

#ูุงูุช_ููุชูู",
35143,2025-04-07 08:15:28,-1001199808401,,,,ุฏุฑ ฒด ุณุงุนุช ฺฏุฐุดุชู ุจุด ุงุฒ ฑ.ณธ ููุงุฑุฏ ุฏูุงุฑ ูููุนุช ูุนุงููุงุช ุฏุฑ ุจุงุฒุงุฑ ุงุฑุฒูุง ุฏุฌุชุงู ูฺฉูุฆุฏ ุดุฏู ุงุณุช.,
35142,2025-04-07 08:08:28,-1001199808401,,,,"โุฏูุงุฑ ูุฑุฏุง ุชูุฑุงู โณ 105,100",
35141,2025-04-07 07:55:22,-1001199808401,,,,"ุณูุงุฑู ููุฑูู ุจุฑุง ูุฐุงฺฉุฑุงุช ุงุฑุงู ู ุงุงูุงุช ูุชุญุฏู

ูุงุฑูุณ ููุฑููุ ุฎุจุฑูฺฏุงุฑ ุณุฑุดูุงุณ ูุงู ุงุณุชุฑุช ฺูุฑูุงู:
โุงุฑุงู ุชุงฺฉููู ุจุฑ ููุถุน ุฎูุฏ ูพุงูุดุงุฑ ฺฉุฑุฏู ุงุณุช ู ู ฺฏูุฏ ยซฺฏูุชโูฺฏููุง ุบุฑูุณุชููยป ุชููุง ฺฏุฒูู ููฺฉู ุงุณุช. ุชุฑุงููพ ุงูุง ุฎูุงุณุชุงุฑ ฺฏูุชโูฺฏููุง ูุณุชูู ุงุณุช. ูพุณ ุจู ุจูโุจุณุช ฺฉุงูู ุฎูุฑุฏูุ ุจู ูุธุฑ ูู ูู. 

ุขูฺู ุฏุฑ ุงุฏุงูู ู ุขุฏุ ุณูุงุฑู ุจุณุงุฑ ูุญุชูู ุงุณุช ฺฉู ููฺฉู ุงุณุช ุงูุถุงุน ุฑุง ุญู ฺฉูุฏ. ุชุฃฺฉุฏ ูโฺฉูู ฺฉู ุงู ุชููุง ฺฉ ุญุฏุณ ุงุณุช ู ุจุฑ ุงุณุงุณ ุงุทูุงุนุงุช ูุณุช.
ุงุฑุงู ู ุงุงูุงุช ูุชุญุฏู ุฌูุณูโุง ุฑุง ุฏุฑ ุนูุงู ุชุฑุชุจ ูโุฏููุฏุ ฺฉู ุงุฑุงู ูโฺฏูุฏ ุชูุณุท ุนูุงูโูุง ูุงุณุทูโฺฏุฑ ุฎูุงูุฏ ุดุฏ ู ูู ุจู ุทูุฑ ูุณุชูู. 
ุฏููุช ุชุฑุงููพ ุงุฒ ุจุญุซ ุฏุฑุจุงุฑู ูุฑูุช ุฌูุณู ุงูุชูุงุน ูโฺฉูุฏ. ุฌูุณูโุง ุฏู ุฑูุฒู ุจุฑฺฏุฒุงุฑ ูโุดูุฏุ ูุฑุถุงู. ุฌูุณู ุงุจุชุฏุง ุฏุฑ ูุงูุจ ูุฐุงฺฉุฑุงุช ุบุฑูุณุชูู ุจุง ุฏููุช ุจุงุฏู ุดุฑูุน ูโุดูุฏ.
ุฏุฑ ุฑูุฒ ุฏููุ ุงุฑุงู ุจู ุฑุณุงููโูุง ฺฏุฒุงุฑุด ูโุฏูุฏ ฺฉู ฺฏูุชโูฺฏููุง ุณุงุฒูุฏู ุจูุฏู ู ุทุฑู ุขูุฑฺฉุง ุนูุงูู ูุงูุน ุจู ูุฐุงฺฉุฑุงุช ูุดุงู ุฏุงุฏู ุงุณุช. ุฏุฑ ุดุจ ุฏููุ ุนูุงูโูุง ุจูโุทูุฑ ุชุตุงุฏู ุงุฑุงู ู ุขูุฑฺฉุงโูุง ุฑุง ุจู ูุฏุช ูู ุณุงุนุช ุฏุฑ ฺฉ ุงุชุงู ูโุขูุฑูุฏ ู ฺฏูุชโูฺฏู ฺฉูุชุงู ุจู ุตูุฑุช ูุณุชูู ุงูุฌุงู ูโุดูุฏ.
ุงู ุณูพุณ ุตุญูู ุฑุง ุจุฑุง ุชุฑุงููพ ูุฑุงูู ูโฺฉูุฏ ุชุง ุจฺฏูุฏ ุขูุฑฺฉุง ฺฏูุชโูฺฏููุง ูุณุชูู ุฏุงุดุชู ู ุงุฑุงู ุจฺฏูุฏ ฺฉู ูุฐุงฺฉุฑุงุช ูุงูุน ุฏุฑ ุนูุงู ุบุฑูุณุชูู ุจูุฏู ุงุณุช. ุงูุง ุจุฑุฎ ุฎูุดโูุจุดโูุง ููุฏูุงุช ูุฌูุฏ ุฏุงุดุชู ุงุณุช. ุฎ ุดฺฉุณุชู ุดุฏู ุงุณุช. ุงู ุงูุฑ ุฑุงู ุฑุง ุจุฑุง ฺฏูุชโูฺฏููุง ูุณุชูู ุฏุฑ ุฏูุฑ ุฏูู ุจุงุฒ ูโฺฉูุฏ.
ุฏูุจุงุฑู ุชุฃฺฉุฏ ูโฺฉูู ฺฉู ุงู ุตุฑูุงู ุญุฏุณ ู ฺฏูุงู ุงุณุช ู ุจุฑ ุงุณุงุณ ููุงุจุน ูุณุช. ุงูุง ุจุง ุชูุฌู ุจู ุงู ฺฉู ูุฒุฏฺฉ ุจู ฑต ุณุงู ุงุณุช ุงู ูุณุงุฆู ุฑุง ูพฺฏุฑ ูโฺฉููุ ุงู ููุน ูุฑุจโฺฉุงุฑ ุฏูพููุงุชฺฉ ุงุณุช ฺฉู ูู ฺูุฏุงู ูุงุฏุฑ ุงุชูุงู ูโุงูุชุฏ. ู ุจู ูุฑ ุฏู ุทุฑู ุงู ุงูฺฉุงู ุฑุง ูโุฏูุฏ ฺฉู ุขุจุฑูุดุงู ุฑุง ุญูุธ ฺฉููุฏ ู ุฑุงู ุฑุง ุจุฑุง ูุฐุงฺฉุฑุงุช ูุงูุน ุฏุฑุจุงุฑู ูุณุงุฆู ุฎูุฌ ูุงุฑุณ ุจุงุฒ ูโฺฉูุฏ.",
35140,2025-04-07 04:04:17,-1001199808401,,,,"#ูุงุฑุณ 

โุชุญูู ูุจู ูพุงุจุฑุฌุงุณุช ู ฺฉูุฏููุง ุจุณูุช 530 ุขูุฏูุฏ..

ุญูุงุช ูุนุชุจุฑุชุฑ ููุทูู  480 ูุณุช ..",35069
35139,2025-04-07 03:56:29,-1001199808401,,,,"โ ูุฐุงฺฉุฑุงุช ุฏู ุฑูุฒู ุงุฑุงู ู ุขูุฑฺฉุง ุฏุฑ ุนูุงู

๐ธูุงุฑูุณ ููุฑูู ุฎุจุฑูฺฏุงุฑ ุงุฑุดุฏ ูุงู ุงุณุชุฑุช ฺูุฑูุงู ุงุฒ ุชุฑุชุจ ูุฐุงฺฉุฑู ุฏู ุฑูุฒู ุงุฑุงู ู ุขูุฑฺฉุง ุฏุฑ ุนูุงู ุฎุจุฑุฏุงุฏ..

ุง ุดุทูู ุจูุงูุง .. ๐",
35138,2025-04-06 20:29:27,-1001199808401,,,,โุจุงุฒุงุฑ ฺฉุฑูพุชู ุจู ุฎุงฺฉ ู ุฎูู ฺฉุดุฏู ุดุฏ !,
35137,2025-04-06 19:46:18,-1001199808401,,,,"ุจุฑุฎ ููุงุจุน ูุฏุน ุดุฏู ุงูุฏ ฺฉู ุฏุฑ ูพ ุฏุฏุงุฑ ูุญุฑูุงูู ุตุจุญ ุฌูุนู ูุงูุจุงู ุฑุฆุณ ูุฌูุณ ุจุง ููุงู ูุนุธู ุฑูุจุฑุ ููุถูุน ูุฐุงฺฉุฑู ูุณุชูู ุจุง ุขูุฑฺฉุง ุจู ุชุตูุจ ุฑุณุฏู ู ุณู ุดุฎุตุช ุณุงุณ ุนู ูุงุฑุฌุงูุ ูุญูุฏ ูุฑูุฒูุฏู ู ูุญูุฏุฌูุงุฏ ุธุฑู ุจู ุนููุงู ููุงูุฏฺฏุงู ููุชุฎุจ ุงู ูุงููุฑุช ููุตูุจ ุดุฏู ุงูุฏ.

ูพ.ู: ุงู ุฎุจุฑ ุจู ูฺ ุนููุงู ุชุฃุฏ ุฑุณู ูุฏุงุฑุฏ.",
35136,2025-04-06 17:53:58,-1001199808401,,,,ูุดุงูุฑ ฺฉุงุฎ ุณูุฏ ุงุนูุงู ฺฉุฑุฏ ฺฉู ุณููุท ุจุงุฒุงุฑ ุจุฎุด ุงุฒ ุจุฑูุงููโูุง ุฑุฆุณโุฌูููุฑ ุชุฑุงููพ ูุจูุฏู ู ุงู ุงุชูุงู ุฏุฑ ุฑุงุณุชุง ุณุงุณุชโูุง ุงูุชุตุงุฏ ุงู ูพุดโุจู ูุดุฏู ุจูุฏ.๐,
35135,2025-04-06 11:16:55,-1001199808401,,,,"#ููุณู 

โุชู ุงูุง ูฺููุช ูุฑุงููุด ูฺฉู
ุฑูุฒ ฺฉู ุงูุชุงุฏู ุจุงุด
ุงุฒ ุฒูู ุจููุฏุช ูโฺฉูู
ุงฺฏุฑ ูู ูุชูุงูู 
ฺฉูุงุฑุช ุฏุฑุงุฒ ูโฺฉุดู.โ

#ุชูุฑฺฏูุช_ุงูุงุฑ",
35134,2025-04-06 06:04:05,-1001199808401,,,,"#ูุชุฌุงุฑุช 

โุงุฒ ุฒูุงูฺฉู ุณูุงุฑุด ุจุฎุฑุฏ ุดุฏ 74ุฏุฑุตุฏ ุจุงูุง ุขูุฏู ุงุณุช .. ุญุฌู ูุง ุฎูุฑุฏู ฺฉู ุฏุฑ ุชุงุฑุฎ ุณูู ุชฺฉุฑุงุฑ ูุดุฏู ุงุณุช ู ุงูุฑูุฒ ูู ุชูุงุถุง ุนุฌุจ ู ุบุฑุจ ุฏุงุฑุฏ ... 

ุชุงุฑฺฏุช ุงูู ุณูู ููุทูู  70 ูุณุช..",34334
35133,2025-04-06 05:57:01,-1001199808401,,,,"#ูุณุงูพุง

โุฏุฑ ุงู ฺูุฏ ุฑูุฒู ุจุง ุชูุงุถุง ุจุณุงุฑ ุฎูุจ ููุฑุงู ุจูุฏู ุงุณุช .. 

ุญูุงุช ุจุณุงุฑ ุฎูุจ ุฏุฑ ููุทูู  300 - 280 ุฏุงุฑุฏ ฺฉู ุฏุฑ ุตูุฑุช ุฑุณุฏู ุจู ุงู ููุทูู ููุงุณุจ ุจุฑุง ุงุถุงูู ฺฉุฑุฏู ูุจุงุดุฏ .. 

ุจุง ุนุจูุฑ ุงุฒ ููุทูู  ููุงููุช 430 ุญุฑฺฉุช ุงุตู ุณูู  ุขุบุงุฒ ูุดูุฏ ..",34936
35132,2025-04-06 03:22:55,-1001199808401,,,,"ุชุฑุงุฒ ูพูู ุญูู ุฏุฑ ุตูุฏูู ูุง ุทูุง:

ุฑูุฒ ฺฏุฐุดุชู ูุฒุฏฺฉ 620 ููุงุฑุฏ ุชููุงู ูพูู ุชูุณุท ุงุดุฎุงุต ุญูู ุงุฒ ุตูุฏูู ูุง ุทูุง ุฎุงุฑุฌ ุดุฏ ฺฉู ุท ูุงู ูุง ุงุฎุฑ ฺฉู  ุณุงุจูู ุจูุฏู ุงุณุช.",
35130,2025-04-05 19:38:08,-1001199808401,,,,"ุฎูุด ุงุณุช ูุตู ุจูุงุฑุงู ุดุฑุงุจ ููุดุฏู
ุจู ุฑู ุณุจุฒู ู ฺฏู ููฺู ุขุจ ุบูุทุฏู

ุฌูุงู ุจูุดุช ุดุฏ ุงุฒ ููุจูุงุฑุ ุจุงุฏู ุจุงุฑ
ฺฉู ุฏุฑ ุจูุดุช ุญูุงู ุงุณุช ุจุงุฏู ููุดุฏู..

#ุตุงุฆุจ_ุชุจุฑุฒ 
#ุดุจ_ุฎูุด๐ฆ

By Lisa House",
35129,2025-04-05 11:04:04,-1001199808401,,,,,35116
35128,2025-04-05 11:04:04,-1001199808401,,,,"#XAU
#USD
#ุทูุง

โุจุฑุง ุทูุง ุฌูุงู ุชุงุฑฺฏุช ุญุฏูุฏ 3162 ุฏูุงุฑ ุชุนู ฺฉุฑุฏู ุจูุฏู ฺฉู ูุงฺฉูุด ุจุณุงุฑ ุฏูู ู ุฒุจุง ฺฉูุฏููุง ุจู ุงู ููุทูู ู ุจุฑฺฏุดุช ุงุฒ ุงู ูุญุฏูุฏู ุฑุง ุฏุฑ ฺุงุฑุช ูุดุงูุฏู ูฺฉูุฏ ..",35116
35127,2025-04-05 10:49:40,-1001199808401,,,,"ุทูุงโุชุฑู ุณุฑูุงูโฺฏุฐุงุฑโูุง ฑดฐณ

ููุงุณู ุจุงุฒุฏู ฺฉโุณุงูู ุฏุงุฑุงโูุง ุทูุง ุฏุฑ ุณุงู ฑดฐณ๐

ุฏุฑ ุฑูุงุจุช ุจู ฺฏุฒููโูุง ุณุฑูุงูโฺฏุฐุงุฑุ ุณฺฉู ุงูุงู ุจุง ุจุงุฒุฏู ุฎุฑูโฺฉููุฏู ฑดทูช ุตุฏุฑูุดู ุดุฏ.

 ุตูุฏููโูุง ุทูุง ูุงููุฏ ุนุงุฑุ ุฒุฑูุงู ู ฺฉูุฑุจุง ููฺฏ ุจุงุฒุฏู ุจุงูุง ฑณฐูช ุฏุงุดุชูโุงูุฏ. ุฏุฑ ููุงุจูุ ุจุงุฒุฏู ุฏูุงุฑ ุชููุง ถถูช ุจูุฏู ฺฉู ูุดุงู ุงุฒ ูุงุตูู ูุงุจูโุชูุฌู ุขู ุจุง ุณุงุฑ ฺฏุฒููโูุง ุฏุงุฑุฏ.

#ูุฒุฑ,#ฺฉูุฑุจุง,#ุนุงุฑ ุณฺฏูุงููุง ฺฉุงูุงู ุงุฎุชุตุงุต ุจูุฏูุฏ ุฏุฑ ุณุงู ฺฏุฐุดุชู ...",
35126,2025-04-05 07:36:18,-1001199808401,,,,"โฺฉุงูุด ต.ด ุชุฑููู ุฏูุงุฑ  ุจูุฑุณ ุขูุฑฺฉุง

๐นุชุตูู ุฑุฆุณโุฌูููุฑ ุขูุฑฺฉุง ุฏููุงูุฏ ุชุฑุงููพ ุจุฑุง ุงุนูุงู ุชุนุฑููโูุง ุณูฺฏู ุจุฑ ุชุฌุงุฑุช ุจูโุงูููู ุจุงุฒุงุฑ ุณูุงู ุงู ฺฉุดูุฑ ุฑุง ุจู ุดุฏุช ุชุญุช ุชุฃุซุฑ ูุฑุงุฑ ุฏุงุฏู ู ุฏุฑ ุฏู ุฑูุฒ ฺฏุฐุดุชู ต.ด ุชุฑููู ุฏูุงุฑ ุงุฒ ุงุฑุฒุด ุขู ฺฉุงุณุชู ุงุณุช. 
๐นูพุณ ุงุฒ ุขูฺฉู ฺู ุชุตูู ฺฏุฑูุช ุฌูฺฏ ุชุนุฑููโุง ุชุฑุงููพ ุฑุง ุจุง ุงุนูุงู ุชุนุฑูู ณด ุฏุฑุตุฏ ูพุงุณุฎ ุฏูุฏ ูฺฏุฑุงูโูุง ุงุฒ ุงุญุชูุงู ูููุน ุฑฺฉูุฏ ุงูุชุตุงุฏ ุฏุฑ ุณุทุญ ุฌูุงู ุดุฏุช ฺฏุฑูุช. 
๐นุงู ุจุฒุฑฺฏุชุฑู ฺฉุงูุด ููุชฺฏ ุดุงุฎุต ุงุณโุงูุฏูพ ตฐฐ ุงุฒ ุฒูุงู ุธููุฑ ูููโฺฏุฑ ฺฉุฑููุง ุฏุฑ ูพูุฌ ุณุงู ูพุด ูุญุณูุจ ูโุดูุฏ.",
35125,2025-04-05 07:19:05,-1001199808401,,,,โุจุฌุฒ ฺฏุฑูู #ุจุงูฺฉ ุฏุฑ ุจูู  ุจุงุฒุงุฑ ุณูุงู ฺฉูฺฺฉ ุชูุงุถุง ุจูุชุฑ ุจุฑุง ุฎุฑุฏ ุฏุงุฑูุฏ ุชุง ุณูุงู ุจุฒุฑฺฏ ู ุดุงุฎุต ุณุงุฒ ..,
35124,2025-04-05 06:56:55,-1001199808401,,,,"#ุดุงุฎุต_ฺฉู 

โููุทูู  ููุงููุช ุฎูุจ ุฏุฑ 2.770 ูููู ุดฺฉุณุชู ุดุฏู ุงุณุช ุจุงุฏ ุฏุฏ ฺฉูุฏููุง ูุชูุงููุฏ ุจุงูุง ุงู ููุทูู ุฎูุฏ ุฑุง ุชุซุจุช ฺฉููุฏ ุง ุฎุฑ .. 

ูุธุฑ ูุง ุฏุฑ ููุฑุฏ ุดุงุฎุต ฺฉู ููฺูุงู ุชุญูู ูุง ูุจู ูุณุช ู ุงูุชุธุงุฑ ุญุฑฺฉุช ฺฉูุฏููุง ุจุณูุช 2.460 ูููู ูุงุญุฏ ุฑุง ุฏุงุฑู ูฺฏุฑ ุงูฺฉู ููููฺฏ ฺฉุฌู ุจุง ูพุฑ ุดุฏู ุธุฑู ุฒูุงู ุฏุฑ ุชุงู ูุฑู ููุชฺฏ ุจุณูุช ุจุงูุง ุจุงุฏ ..",35003
35123,2025-04-05 06:47:10,-1001199808401,,,,"ูุฑุฎ ุงุฑุฒ ุชูุงูู 68762 ุชููุงู.

โุงุฎุชูุงู ุฏูุงุฑ ุชูุงูู ู ุจุงุฒุงุฑ ุขุฒุงุฏ ุจู 50 ุฏุฑุตุฏ ุฑุณุฏ!

ุชุง ุฒูุงูฺฉู ุงู ุงุฎุชูุงู 50 ุฏุฑุตุฏ ุฒููู  ุฑุงูุช ุจุฑุง ุนุฏู  ุฑุงูุชุฎูุงุฑ ุงุฌุงุฏ ูฺฉูุฏ ุฏฺฏุฑ ุงุฒ ูฺ ููุงูุฏู  ุตุฏุง ุจุฑุง ุจุงูุง ุฑูุชู ุฏูุงุฑ ุฏุฑ ูู ุขุฏ.. 

ุชูุงู ูู ุฌุฑ ุฏุงุฏู ูุง ุจุฑุง ุฒูุงู ุจูุฏ ฺฉู ุงู ุงุฎุชูุงู ุฏุฑ ุญุงู ฺฉู ุดุฏู ุจูุฏ ู ููุงูุน ุนุฏู  ฺฉู ุจู ุงุฑุฒ ููุช ุฏุณุชุฑุณ ุฏุงุดุชู ุจู ุฎุทุฑ ุงูุชุงุฏู ุจูุฏ ...",
35122,2025-04-05 06:30:58,-1001199808401,,,,"#ูุจููุช 

โ15% ุฑุดุฏ ุจ ูููู ุฏุงุดุช ฺฉู ุงูุชุธุงุฑ ูุฑูุช .. 262 ุงููู ููุทูู  ููุงููุช ูุณุช ฺฉู ุฏุฑ ุตูุฑุช ุดฺฉุณุช ูุชูุงู ุงูุชุธุงุฑ ุฑุณุฏู ุจู 350 ุฑุง ุฏุงุดุช.",35104
35121,2025-04-05 00:27:02,-1001199808401,,,,"ูุฑุง ุงุฏุงูู ุจุฏู
ุชุง ุงู ุฌุงุฏู ุจู ุขุฎุฑ ุจุฑุณุฏ
ุจฺฏุฐุงุฑ ููู ุฑู ฺฏุณูุงู ูู ุจูุดูุฏ
ุฑู ูุจ ูุง ุชู
ุฑู ุฎุงุทุฑุงุช ูุง
ุง ฺฉุงุด ุณูุฑ ุงูุชูุง ุฌูุงู ุจูุฏ
ุชุง ฺฉุณ ุฏุฑ ูู ูุฏุงู ูฺฏุฑุงู ูุจุงุดุฏ...

#ูููููุฑ_ูุงุฑู_ูพูุฑ
#ุดุจ_ุฎูุด ๐ฆ",
35120,2025-04-03 18:13:48,-1001199808401,,,,"ุฏููุงูุฏ ุชุฑุงููพ ุงูุฏุงูุงุช ฺฏุณุชุฑุฏูโุง ุจุฑุง ุงุนูุงู ุชุนุฑููโูุง ุฌุฏุฏ ุงุนูุงู ฺฉุฑุฏ:
โฺฉ ูุฑูุงู ุงุฌุฑุง ุฌุฏุฏ ุชุนุฑููโูุง ูุชูุงุจู ุฑุง ุจุฑุง ุชูุงู ฺฉุดูุฑูุง ุงุนูุงู ุฎูุงูุฏ ฺฉุฑุฏ.
โฺฉ ุชุนุฑูู ูพุงูย10% ุงุฒย5 ุขูุฑูยุจูโุทูุฑ ุฌูุงู ุงุฌุฑุง ูโุดูุฏ.

โุชุนุฑููย25% ุจุฑ ุฎูุฏุฑููุง ุณุงุฎุช ุฎุงุฑุฌ ุงุฒ ูููโุดุจ ุงุฌุฑุง ุฎูุงูุฏ ุดุฏ.

โุชุนุฑููโูุง ูุชูุงุจู ุจุฑุงุจุฑ ุจุง ูู ุงุฒ ูุฑุฎโูุง ุงุนูุงูโุดุฏู ุชูุณุท ูุฑ ฺฉุดูุฑ ุฎูุงูุฏ ุจูุฏ ู ุงุฒย9 ุขูุฑูยุงุฌุฑุง ูโุดูุฏ.

ูุฑุฎ ุชุนุฑูู ุจุฑุง ุดุฑฺฉุง ุชุฌุงุฑ ฺฉูุฏ:

ฺู:ย34%
ูุชูุงู:ย46%
 ฺุงูพู:ย24%
ุงุชุญุงุฏู ุงุฑููพุง:ย20%
ุจุฑุชุงูุง:ย10%
 ุชุงูุงู:ย32%
ุณูุฆุณ:ย31%
ฺฉุงูุจูุฌ:ย49%
ุขูุฑูุง ุฌููุจ:ย30%
ููุฏ:ย26%
ุจุฑุฒู:ย10%
ฺฉุฑู ุฌููุจ:ย25%
ุงุณุฑุงุฆู:ย17%
ุชุฑุงููพ ุงู ุงูุฏุงูุงุช ุฑุง ยซุชุนุฑููโูุง ูุชูุงุจู ุฏูุณุชุงููยป ูุงูุฏู ู ุงุฒ ุฏููุชโูุง ุฎุงุฑุฌ ุฎูุงุณุชู ุงุณุช ุชุนุฑููโูุง ุฎูุฏ ุฑุง ูุบู ฺฉุฑุฏู ู ูุญุตููุงุช ุขูุฑฺฉุง ุฑุง ุฎุฑุฏุงุฑ ฺฉููุฏ.

 ุงู ุงุฏุนุง ฺฉุฑุฏู ฺฉู ุงู ุงูุฏุงู ุขุบุงุฒฺฏุฑ ยซุนุตุฑ ุทูุงยป ุจุฑุง ุงูุชุตุงุฏ ุขูุฑฺฉุง ุฎูุงูุฏ ุจูุฏ.",
35119,2025-04-02 20:01:26,-1001199808401,,,,"โุฒูุฏฺฏ ฺฏุฑ ูุฒุงุฑุจุงุฑู ุจูุฏ
ุจุงุฑ ุฏฺฏุฑ ุชูุ ุจุงุฑ ุฏฺฏุฑ ุชู.โ

#ูุฑูุบ_ูุฑุฎุฒุงุฏ
#ุดุจ_ุฎูุด๐ฆ",
35118,2025-04-02 10:50:41,-1001199808401,,,,"โญ๏ธ ุฑูุฒูุงูู ุงฺฉุณูพุฑุณ ุจุฑุชุงูุง ุจู ููู ุงุฒ ููุงุจุน ูุฒุฏฺฉ ุจู ุฏููุช ุชุฑุงููพ :

 ุฏุฑ ุตูุฑุช ฺฉู ุฌูููุฑ ุงุณูุงู ุจุง ุชูุงูู ูุณุชูโุง ููุงููุช ูฺฉูุฏ ู ุดุฑูุน ุจู ุจุฑฺุฏู ุจุฑูุงูู ุงุชูโุงุด ูฺฉูุฏุ ุชุง ูุงู ููุงุฏ ุณูพุชุงูุจุฑ ุณุฑูฺฏูู ุฎูุงูุฏ ุดุฏ.",
35117,2025-03-27 13:43:08,-1001199808401,,,,"""ุงูุชุธุงุฑุงุช ุชูุฑู ุฏุฑ ุณูู""

๐ูุณุจุช ูพูู ุจู ุดุจูโูพูู ุฏูุจุงุฑู ุฏุฑ ูุณุฑ ุตุนูุฏ ูุฑุงุฑ ฺฏุฑูุชู ู ุฏุฑ ุขุฎุฑู ุฏุงุฏูโูุง ุจู ฐ.ณณท ุฑุณุฏู ุงุณุช.

 ๐ุงู ุฑููุฏ ุงูุฒุงุด ุนู ุชูุงุถุง ุจุฑุง ูพูู ุฏุงุบ ุงูุฒุงุด ุงูุชูุ ูุดุงููโุง ุงุฒ ุงูุฒุงุด ุงูุชุธุงุฑุงุช ุชูุฑู ู ฺฉุงูุด ุชูุงู ุจู ูฺฏูุฏุงุฑ ุณูพุฑุฏูโูุง ูุฏุชโุฏุงุฑ.

โ๐ป ูพโู: ุงู ุดุงุฎุต ููู ูุดูู ูโุฏู ฺฉู ูุฑุฏู ุชุฑุฌุญ ูุฏููุฏ ุจุดุชุฑ ูพูู ููุฏ ุง ุญุณุงุจโูุง ุฌุงุฑ ูฺฏู ุฏุงุฑู ุชุง ุณูพุฑุฏูโูุง ูุฏุชโุฏุงุฑุ ุนู ุงูฺฉู ุงูุชุธุงุฑุงุช ุชูุฑู ุจุงูุง ุฑูุชู ู ุงุนุชูุงุฏ ุจู ุณุงุณุชโ ฺฏุฐุงุฑ ูพูู ู ูุงู ฺฉุงูุด ุงูุชู.
ุงู ูุถุนุช ูโุชูุงูุฏ ูุดุงุฑ ุจุดุชุฑ ุจู ุจุงุฒุงุฑ ุงุฑุฒุ ุทูุง ู ฺฉุงูุงูุง ูุตุฑู ูุงุฑุฏ ฺฉูู.",
35116,2025-03-27 10:58:26,-1001199808401,,,,"#XAU
#USD
#ุทูุง

โุทูุง ุฌูุงู ุจุงูุง 3000 ุฏูุงุฑ ุชุซุจุช ุฏุงุฏู ู ุชุงุฑฺฏุช ูุง ูุงู ูุฏุช ุฏุฑ ฺุงุฑุช ูพุฏุงุณุช ..",34885
35115,2025-03-27 08:49:14,-1001199808401,,,,"โช๏ธุท ฒ ุฑูุฒ ฺฉุงุฑ ูุฎุณุช ุณุงู ุฌุฏุฏ ุจู ุดฺฉู ูุญุณูุณ ุณุฑุงูู ูุฑูุด ุญูู ุฏุฑ ุตูุฏููโูุง ุทูุง ุงูุฌ ฺฏุฑูุชู ู ุญุช ุท ูุนุงููุงุช ุฏุฑูุฒ ุฑฺฉูุฑุฏ ฑดณ ูููู ุชููุงู ุจู ุงุฒุง ูุฑ ฺฉุฏ ุฑุง ูุฒ ุฒุฏู ุงุณุช.

ุฏุฑ ุณูุช ุฎุฑุฏ ูู ุณุฑุงูู ุฎุฑุฏ ฺฉุงูุด ูุญุณูุณ ูุณุจุช ุจู ุขุฎุฑู ุฑูุฒูุง ุงุณููุฏ ุฏุงุดุชู ู ุงุฒ นฒ ูููู ุจู ุญูุงู ถท ูููู ุฑุณุฏู ุงุณุช!

ูุฑ ุฏู ุณูุช ุฎุฑุฏ ู ูุฑูุด ุชุงุฏ ฺฉููุฏู ุฎุฑูุฌ ููุฏูฺฏ ููุดููุฏ ุงุฒ ุตูุฏููโูุง ุทูุง ุท ฒ ุฑูุฒ ุงุฎุฑ ุงุณุช!",
35114,2025-03-26 19:14:57,-1001199808401,,,,"#ุดุงุฎุต_ฺฉู 

โ ุญุฑฺฉุช ุดุงุฎุต ฺฉู ุฏุฑ ุจู ุงู ุฑูุฒูุง ุชุนุทู ุฎู ููุชูุงูุฏ ููุงฺฉ ุจุฑุง ุจุฑฺฏุดุช ุง ุงุฏุงูู  ูุฒูู ุจุงุดุฏ .. 

ูุฑฺฏุงู ุณูู ุจุง ูุฏุฑุช ุดฺฉุณุชู ุดูุฏ ุฏุฑ ููุฑุฏ ุชุบุฑ ุฑููุฏ ุตุญุจุช ุฎูุงูู ฺฉุฑุฏ .. ูุนูุง ููุงู ุชุญูู ูุง ฺฏุฐุดุชู ุจุฑูุฑุงุฑ ูุณุช.",
35113,2025-03-25 23:23:34,-1001199808401,,,,"ุฑูุชู ูููุฒ ูู ููุณู ุฌุง ููุงูุฏูโุณุช 
ุนุดู ฺฉูุงุฑ ูุตู ุจู ูุงูุง ููุงูุฏูโโุณุช 

ูุนุดูู ุขูฺูุงู ฺฉู ุชููู ุฏูุฏู ุฑูุฒฺฏุงุฑ 
ุนุงุดู ฺู ูู ูููุฒ ุจู ุฏููุง ููุงูุฏูโุณุช 

ุตุฏ ุจุงุฑ ูุนุฏู ฺฉุฑุฏ ฺฉู ูุฑุฏุง ุจุจูููุด 
ุตุฏ ุณุงู ูพูุฑ ฺฏุดุชู ู ูุฑุฏุง ููุงูุฏูโุณุช. 


#ุญุงูุฏ_ุนุณฺฉุฑู
#ุดุจ_ุฎูุด ๐ฆ",
